PairedTagName,ATACName,DNAmethName,AllenIdName,all,H3K4me1,H3K9me3,H3K27ac,H3K27me3,ATAC,DNAMeth,HiC
001_CLA_EPd_CTX_Car3_Glut,001_CLA-EPd-CTX_Car3_Glut,001_CLA-EPd-CTX_Car3_Glut,001 CLA-EPd-CTX Car3 Glut,all-male646:412:234_female459:348:111,H3K4me1-male125:92:33_female105:79:26,H3K9me3-male158:129:29_female97:68:29,H3K27ac-male159:84:75_female105:96:9,H3K27me3-male204:107:97_female152:105:47,1,1,1
002_IT_EP_CLA_Glut,002_IT_EP-CLA_Glut,002_IT_EP-CLA_Glut,002 IT EP-CLA Glut,all-male1266:697:569_female1644:1285:359,H3K4me1-male248:121:127_female377:286:91,H3K9me3-male404:218:186_female454:344:110,H3K27ac-male250:151:99_female304:276:28,H3K27me3-male364:207:157_female509:379:130,1,1,1
003_L5_6_IT_TPE_ENT_Glut,003_L5-6_IT_TPE-ENT_Glut,003_L5_6_IT_TPE-ENT_Glut,003 L5/6 IT TPE-ENT Glut,all-male5656:2912:2744_female8075:6238:1837,H3K4me1-male946:386:560_female1875:1382:493,H3K9me3-male1419:800:619_female1777:1200:577,H3K27ac-male1498:747:751_female2019:1816:203,H3K27me3-male1793:979:814_female2404:1840:564,1,1,1
004_L6_IT_CTX_Glut,004_L6_IT_CTX_Glut,004_L6_IT_CTX_Glut,004 L6 IT CTX Glut,all-male10241:5126:5115_female6536:4988:1548,H3K4me1-male1153:465:688_female1209:744:465,H3K9me3-male1666:795:871_female1026:640:386,H3K27ac-male1951:842:1109_female1282:1157:125,H3K27me3-male5471:3024:2447_female3019:2447:572,1,1,1
005_L5_IT_CTX_Glut,005_L5_IT_CTX_Glut,005_L5_IT_CTX_Glut,005 L5 IT CTX Glut,all-male4111:2054:2057_female3133:2406:727,H3K4me1-male200:80:120_female404:218:186,H3K9me3-male503:295:208_female207:139:68,H3K27ac-male816:309:507_female672:607:65,H3K27me3-male2592:1370:1222_female1850:1442:408,1,1,1
006_L4_5_IT_CTX_Glut,006_L4-5_IT_CTX_Glut,006_L4_5_IT_CTX_Glut,006 L4/5 IT CTX Glut,all-male15908:8166:7742_female8947:7189:1758,H3K4me1-male827:360:467_female1231:677:554,H3K9me3-male1955:1135:820_female698:457:241,H3K27ac-male3503:1433:2070_female2137:1990:147,H3K27me3-male9623:5238:4385_female4881:4065:816,1,1,1
007_L2_3_IT_CTX_Glut,007_L2-3_IT_CTX_Glut,007_L2_3_IT_CTX_Glut,007 L2/3 IT CTX Glut,all-male14443:7192:7251_female11432:9392:2040,H3K4me1-male779:342:437_female1477:895:582,H3K9me3-male1598:950:648_female770:569:201,H3K27ac-male2917:1003:1914_female2756:2577:179,H3K27me3-male9149:4897:4252_female6429:5351:1078,1,1,1
008_L2_3_IT_ENT_Glut,008_L2-3_IT_ENT_Glut,008_L2_3_IT_ENT_Glut,008 L2/3 IT ENT Glut,all-male22186:12061:10125_female32054:24865:7189,H3K4me1-male3952:2066:1886_female7599:5628:1971,H3K9me3-male5851:3704:2147_female7870:5667:2203,H3K27ac-male5414:2749:2665_female7243:6529:714,H3K27me3-male6969:3542:3427_female9342:7041:2301,1,1,1
009_L2_3_IT_PIR_ENTl_Glut,009_L2-3_IT_PIR-ENTl_Glut,009_L2_3_IT_PIR-ENTl_Glut,009 L2/3 IT PIR-ENTl Glut,all-male23553:20074:3479_female9029:6791:2238,H3K4me1-male10285:9552:733_female2000:1376:624,H3K9me3-male9145:8334:811_female2095:1352:743,H3K27ac-male1798:940:858_female2107:1941:166,H3K27me3-male2325:1248:1077_female2827:2122:705,1,1,1
010_IT_AON_TT_DP_Glut,010_IT_AON-TT-DP_Glut,010_IT_AON-TT-DP_Glut,010 IT AON-TT-DP Glut,all-male5517:3103:2414_female2786:1650:1136,H3K4me1-male1556:854:702_female939:401:538,H3K9me3-male1570:692:878_female924:468:456,H3K27ac-male836:488:348_female336:294:42,H3K27me3-male1555:1069:486_female587:487:100,1,1,1
011_L2_IT_ENT_po_Glut,011_L2_IT_ENT-po_Glut,011_L2_IT_ENT-po_Glut,011 L2 IT ENT-po Glut,all-male4623:2142:2481_female6841:5247:1594,H3K4me1-male766:339:427_female1537:1101:436,H3K9me3-male1108:627:481_female1498:1036:462,H3K27ac-male1230:507:723_female1760:1573:187,H3K27me3-male1519:669:850_female2046:1537:509,1,1,1
012_MEA_Slc17a7_Glut,012_MEA_Slc17a7_Glut,012_MEA_Slc17a7_Glut,012 MEA Slc17a7 Glut,all-male3070:1165:1905_female3755:2862:893,H3K4me1-male858:132:726_female820:540:280,H3K9me3-male1355:611:744_female871:599:272,H3K27ac-male307:173:134_female1194:1129:65,H3K27me3-male550:249:301_female870:594:276,1,1,1
013_COAp_Grxcr2_Glut,013_COAp_Grxcr2_Glut,013_COAp_Grxcr2_Glut,013 COAp Grxcr2 Glut,all-male370:162:208_female300:234:66,H3K4me1-male84:18:66_female42:24:18,H3K9me3-male153:71:82_female61:43:18,H3K27ac-male46:30:16_female124:121:3,H3K27me3-male87:43:44_female73:46:27,1,1,1
014_LA_BLA_BMA_PA_Glut,014_LA-BLA-BMA-PA_Glut,014_LA-BLA-BMA-PA_Glut,014 LA-BLA-BMA-PA Glut,all-male11965:5591:6374_female13961:10639:3322,H3K4me1-male2675:506:2169_female2866:1945:921,H3K9me3-male5146:2887:2259_female2994:2030:964,H3K27ac-male1535:853:682_female5158:4767:391,H3K27me3-male2609:1345:1264_female2943:1897:1046,1,1,1
015_ENTmv_PA_COAp_Glut,015_ENTmv-PA-COAp_Glut,015_ENTmv-PA-COAp_Glut,015 ENTmv-PA-COAp Glut,all-male1942:1102:840_female2051:1523:528,H3K4me1-male368:176:192_female521:331:190,H3K9me3-male496:299:197_female515:318:197,H3K27ac-male502:293:209_female376:344:32,H3K27me3-male576:334:242_female639:530:109,1,1,1
016_CA1_ProS_Glut,016_CA1-ProS_Glut,016_CA1-ProS_Glut,016 CA1-ProS Glut,all-male74655:30926:43729_female54160:33693:20467,H3K4me1-male17660:7714:9946_female17900:10864:7036,H3K9me3-male14942:4492:10450_female19344:11650:7694,H3K27ac-male20697:9564:11133_female5511:3616:1895,H3K27me3-male21356:9156:12200_female11405:7563:3842,1,1,1
017_CA3_Glut,017_CA3_Glut,017_CA3_Glut,017 CA3 Glut,all-male32961:14826:18135_female25805:15372:10433,H3K4me1-male7673:4065:3608_female8993:5095:3898,H3K9me3-male6037:2321:3716_female9488:5354:4134,H3K27ac-male9633:4129:5504_female2723:1790:933,H3K27me3-male9618:4311:5307_female4601:3133:1468,1,1,1
019_L2_3_IT_PPP_Glut,019_L2-3_IT_PPP_Glut,019_L2_3_IT_PPP_Glut,019 L2/3 IT PPP Glut,all-male11590:6189:5401_female17161:13295:3866,H3K4me1-male1794:895:899_female4053:2785:1268,H3K9me3-male2793:1691:1102_female4206:2790:1416,H3K27ac-male3089:1543:1546_female3637:3368:269,H3K27me3-male3914:2060:1854_female5265:4352:913,1,1,1
020_L2_3_IT_RSP_Glut,020_L2-3_IT_RSP_Glut,020_L2_3_IT_RSP_Glut,020 L2/3 IT RSP Glut,all-male3297:1694:1603_female875:712:163,H3K4me1-male231:109:122_female143:97:46,H3K9me3-male470:254:216_female83:59:24,H3K27ac-male618:264:354_female215:199:16,H3K27me3-male1978:1067:911_female434:357:77,1,1,1
021_L4_RSP_ACA_Glut,021_L4_RSP-ACA_Glut,021_L4_RSP-ACA_Glut,021 L4 RSP-ACA Glut,all-male1:1:0_female3:3:0,H3K4me1-male0:0:0_female2:2:0,H3K9me3-male0:0:0_female0:0:0,H3K27ac-male0:0:0_female0:0:0,H3K27me3-male1:1:0_female1:1:0,0,0,0
022_L5_ET_CTX_Glut,022_L5_ET_CTX_Glut,022_L5_ET_CTX_Glut,022 L5 ET CTX Glut,all-male9037:4552:4485_female5985:5002:983,H3K4me1-male369:160:209_female673:368:305,H3K9me3-male985:599:386_female292:218:74,H3K27ac-male2055:730:1325_female1545:1461:84,H3K27me3-male5628:3063:2565_female3475:2955:520,1,1,1
023_SUB_ProS_Glut,023_SUB-ProS_Glut,023_SUB-ProS_Glut,023 SUB-ProS Glut,all-male3576:1942:1634_female3864:2745:1119,H3K4me1-male817:333:484_female1288:896:392,H3K9me3-male781:280:501_female1306:931:375,H3K27ac-male1318:812:506_female450:335:115,H3K27me3-male660:517:143_female820:583:237,1,1,1
025_CA2_FC_IG_Glut,025_CA2-FC-IG_Glut,025_CA2-FC-IG_Glut,025 CA2-FC-IG Glut,all-male5753:2323:3430_female4432:2439:1993,H3K4me1-male1342:773:569_female1562:771:791,H3K9me3-male1036:364:672_female1640:793:847,H3K27ac-male1576:550:1026_female524:360:164,H3K27me3-male1799:636:1163_female706:515:191,1,1,1
026_NLOT_Rho_Glut,026_NLOT_Rho_Glut,026_NLOT_Rho_Glut,026 NLOT Rho Glut,all-male1617:697:920_female1786:1339:447,H3K4me1-male348:52:296_female366:240:126,H3K9me3-male654:356:298_female384:264:120,H3K27ac-male257:132:125_female664:607:57,H3K27me3-male358:157:201_female372:228:144,1,1,1
027_L6b_EPd_Glut,027_L6b_EPd_Glut,027_L6b_EPd_Glut,027 L6b EPd Glut,all-male239:95:144_female188:138:50,H3K4me1-male71:14:57_female45:30:15,H3K9me3-male75:33:42_female30:23:7,H3K27ac-male36:20:16_female69:61:8,H3K27me3-male57:28:29_female44:24:20,1,1,1
028_L6b_CT_ENT_Glut,028_L6b-CT_ENT_Glut,028_L6b_CT_ENT_Glut,028 L6b/CT ENT Glut,all-male11830:6596:5234_female18888:14893:3995,H3K4me1-male1783:764:1019_female4638:3430:1208,H3K9me3-male2841:1512:1329_female4940:3483:1457,H3K27ac-male3025:1819:1206_female3327:3081:246,H3K27me3-male4181:2501:1680_female5983:4899:1084,1,1,1
029_L6b_CTX_Glut,029_L6b_CTX_Glut,029_L6b_CTX_Glut,029 L6b CTX Glut,all-male830:424:406_female533:408:125,H3K4me1-male70:35:35_female85:49:36,H3K9me3-male100:48:52_female94:58:36,H3K27ac-male128:59:69_female88:78:10,H3K27me3-male532:282:250_female266:223:43,1,1,1
030_L6_CT_CTX_Glut,030_L6_CT_CTX_Glut,030_L6_CT_CTX_Glut,030 L6 CT CTX Glut,all-male11672:6595:5077_female6831:5426:1405,H3K4me1-male1572:1150:422_female1041:635:406,H3K9me3-male1746:1066:680_female849:555:294,H3K27ac-male1554:648:906_female934:839:95,H3K27me3-male6800:3731:3069_female4007:3397:610,1,1,1
031_CT_SUB_Glut,031_CT_SUB_Glut,031_CT_SUB_Glut,031 CT SUB Glut,all-male1938:1139:799_female2419:1796:623,H3K4me1-male260:103:157_female637:419:218,H3K9me3-male390:207:183_female735:444:291,H3K27ac-male524:349:175_female329:307:22,H3K27me3-male764:480:284_female718:626:92,1,1,1
032_L5_NP_CTX_Glut,032_L5_NP_CTX_Glut,032_L5_NP_CTX_Glut,032 L5 NP CTX Glut,all-male2187:1189:998_female1677:1418:259,H3K4me1-male52:25:27_female186:132:54,H3K9me3-male181:107:74_female121:95:26,H3K27ac-male295:110:185_female225:198:27,H3K27me3-male1659:947:712_female1145:993:152,1,1,1
033_NP_SUB_Glut,033_NP_SUB_Glut,033_NP_SUB_Glut,033 NP SUB Glut,all-male2807:1277:1530_female2082:1362:720,H3K4me1-male703:235:468_female658:421:237,H3K9me3-male604:180:424_female686:452:234,H3K27ac-male884:493:391_female250:185:65,H3K27me3-male616:369:247_female488:304:184,1,1,1
034_NP_PPP_Glut,034_NP_PPP_Glut,034_NP_PPP_Glut,034 NP PPP Glut,all-male516:302:214_female756:604:152,H3K4me1-male67:29:38_female193:154:39,H3K9me3-male122:55:67_female206:142:64,H3K27ac-male148:101:47_female90:80:10,H3K27me3-male179:117:62_female267:228:39,1,1,1
036_HPF_CR_Glut,036_HPF_CR_Glut,036_HPF_CR_Glut,036 HPF CR Glut,all-male1169:413:756_female986:586:400,H3K4me1-male269:36:233_female268:139:129,H3K9me3-male278:28:250_female323:173:150,H3K27ac-male208:134:74_female79:49:30,H3K27me3-male414:215:199_female316:225:91,1,1,1
037_DG_Glut,037_DG_Glut,037_DG_Glut,037 DG Glut,all-male114200:47959:66241_female93033:52312:40721,H3K4me1-male23885:11750:12135_female30743:15798:14945,H3K9me3-male21595:7071:14524_female36605:20006:16599,H3K27ac-male23097:11696:11401_female5909:3128:2781,H3K27me3-male45623:17442:28181_female19776:13380:6396,1,1,1
038_DG_PIR_Ex_IMN,038_DG-PIR_Ex_IMN,038_DG-PIR_Ex_IMN,038 DG-PIR Ex IMN,all-male12981:5166:7815_female9467:6577:2890,H3K4me1-male2642:1001:1641_female2652:1670:982,H3K9me3-male2970:1150:1820_female3028:1935:1093,H3K27ac-male3026:1340:1686_female1581:1356:225,H3K27me3-male4343:1675:2668_female2206:1616:590,1,1,1
039_OB_Meis2_Thsd7b_Gaba,039_OB_Meis2_Thsd7b_Gaba,039_OB_Meis2_Thsd7b_Gaba,039 OB Meis2 Thsd7b Gaba,all-male2318:1072:1246_female2697:2334:363,H3K4me1-male323:88:235_female613:488:125,H3K9me3-male603:306:297_female360:294:66,H3K27ac-male349:134:215_female711:701:10,H3K27me3-male1043:544:499_female1013:851:162,1,1,1
041_OB_in_Frmd7_Gaba,041_OB-in_Frmd7_Gaba,041_OB-in_Frmd7_Gaba,041 OB-in Frmd7 Gaba,all-male305:113:192_female261:189:72,H3K4me1-male64:9:55_female77:48:29,H3K9me3-male91:2:89_female89:69:20,H3K27ac-male47:37:10_female16:11:5,H3K27me3-male103:65:38_female79:61:18,1,1,1
042_OB_out_Frmd7_Gaba,042_OB-out_Frmd7_Gaba,042_OB-out_Frmd7_Gaba,042 OB-out Frmd7 Gaba,all-male41:16:25_female38:23:15,H3K4me1-male13:4:9_female11:7:4,H3K9me3-male4:0:4_female5:4:1,H3K27ac-male8:3:5_female6:2:4,H3K27me3-male16:9:7_female16:10:6,1,1,1
044_OB_Dopa_Gaba,044_OB_Dopa-Gaba,044_OB_Dopa-Gaba,044 OB Dopa-Gaba,all-male32:19:13_female25:24:1,H3K4me1-male1:1:0_female10:10:0,H3K9me3-male5:4:1_female2:2:0,H3K27ac-male7:1:6_female7:7:0,H3K27me3-male19:13:6_female6:5:1,1,1,1
045_OB_STR_CTX_Inh_IMN,045_OB-STR-CTX_Inh_IMN,045_OB-STR-CTX_Inh_IMN,045 OB-STR-CTX Inh IMN,all-male11328:3573:7755_female12096:9178:2918,H3K4me1-male2706:490:2216_female2611:1946:665,H3K9me3-male3081:828:2253_female3426:2697:729,H3K27ac-male2377:920:1457_female2461:2082:379,H3K27me3-male3164:1335:1829_female3598:2453:1145,1,1,1
046_Vip_Gaba,046_Vip_Gaba,046_Vip_Gaba,046 Vip Gaba,all-male5862:2844:3018_female5286:3867:1419,H3K4me1-male1140:434:706_female1505:960:545,H3K9me3-male1269:495:774_female1374:932:442,H3K27ac-male1282:742:540_female812:724:88,H3K27me3-male2171:1173:998_female1595:1251:344,1,1,1
047_Sncg_Gaba,047_Sncg_Gaba,047_Sncg_Gaba,047 Sncg Gaba,all-male4034:1910:2124_female3775:2742:1033,H3K4me1-male821:394:427_female993:637:356,H3K9me3-male911:467:444_female961:596:365,H3K27ac-male1063:450:613_female789:702:87,H3K27me3-male1239:599:640_female1032:807:225,1,1,1
048_RHP_COA_Ndnf_Gaba,048_RHP-COA_Ndnf_Gaba,048_RHP-COA_Ndnf_Gaba,048 RHP-COA Ndnf Gaba,all-male3089:1490:1599_female2593:1652:941,H3K4me1-male722:347:375_female863:500:363,H3K9me3-male679:266:413_female854:500:354,H3K27ac-male905:465:440_female341:270:71,H3K27me3-male783:412:371_female535:382:153,1,1,1
049_Lamp5_Gaba,049_Lamp5_Gaba,049_Lamp5_Gaba,049 Lamp5 Gaba,all-male4079:2025:2054_female4042:3075:967,H3K4me1-male835:361:474_female1010:694:316,H3K9me3-male966:432:534_female985:702:283,H3K27ac-male805:431:374_female672:601:71,H3K27me3-male1473:801:672_female1375:1078:297,1,1,1
050_Lamp5_Lhx6_Gaba,050_Lamp5_Lhx6_Gaba,050_Lamp5_Lhx6_Gaba,050 Lamp5 Lhx6 Gaba,all-male4394:2000:2394_female3618:2229:1389,H3K4me1-male1080:480:600_female1286:709:577,H3K9me3-male912:331:581_female1159:670:489,H3K27ac-male1192:604:588_female413:291:122,H3K27me3-male1210:585:625_female760:559:201,1,1,1
051_Pvalb_chandelier_Gaba,051_Pvalb_chandelier_Gaba,051_Pvalb_chandelier_Gaba,051 Pvalb chandelier Gaba,all-male1693:797:896_female1502:995:507,H3K4me1-male359:167:192_female481:272:209,H3K9me3-male413:164:249_female421:262:159,H3K27ac-male374:191:183_female222:188:34,H3K27me3-male547:275:272_female378:273:105,1,1,1
052_Pvalb_Gaba,052_Pvalb_Gaba,052_Pvalb_Gaba,052 Pvalb Gaba,all-male8139:4549:3590_female9334:7456:1878,H3K4me1-male1310:625:685_female2294:1754:540,H3K9me3-male1834:1048:786_female2312:1657:655,H3K27ac-male1556:910:646_female1481:1380:101,H3K27me3-male3439:1966:1473_female3247:2665:582,1,1,1
053_Sst_Gaba,053_Sst_Gaba,053_Sst_Gaba,053 Sst Gaba,all-male13274:6482:6792_female12670:9075:3595,H3K4me1-male2625:1052:1573_female3539:2255:1284,H3K9me3-male2950:1300:1650_female3391:2241:1150,H3K27ac-male3282:1796:1486_female2134:1858:276,H3K27me3-male4417:2334:2083_female3606:2721:885,1,1,1
054_STR_Prox1_Lhx6_Gaba,054_STR_Prox1_Lhx6_Gaba,054_STR_Prox1_Lhx6_Gaba,054 STR Prox1 Lhx6 Gaba,all-male4161:1858:2303_female3498:2208:1290,H3K4me1-male1157:395:762_female1139:618:521,H3K9me3-male1195:376:819_female1020:613:407,H3K27ac-male713:451:262_female526:434:92,H3K27me3-male1096:636:460_female813:543:270,1,1,1
055_STR_Lhx8_Gaba,055_STR_Lhx8_Gaba,055_STR_Lhx8_Gaba,055 STR Lhx8 Gaba,all-male1884:811:1073_female1657:1071:586,H3K4me1-male539:149:390_female507:298:209,H3K9me3-male542:124:418_female552:343:209,H3K27ac-male293:191:102_female178:141:37,H3K27me3-male510:347:163_female420:289:131,1,1,1
056_Sst_Chodl_Gaba,056_Sst_Chodl_Gaba,056_Sst_Chodl_Gaba,056 Sst Chodl Gaba,all-male2498:1156:1342_female2289:1449:840,H3K4me1-male632:200:432_female717:379:338,H3K9me3-male718:234:484_female667:395:272,H3K27ac-male455:302:153_female338:282:56,H3K27me3-male693:420:273_female567:393:174,1,1,1
057_NDB_SI_MA_STRv_Lhx8_Gaba,057_NDB-SI-MA-STRv_Lhx8_Gaba,057_NDB-SI-MA-STRv_Lhx8_Gaba,057 NDB-SI-MA-STRv Lhx8 Gaba,all-male2438:1227:1211_female1976:1414:562,H3K4me1-male601:167:434_female583:368:215,H3K9me3-male1000:557:443_female467:290:177,H3K27ac-male294:190:104_female520:480:40,H3K27me3-male543:313:230_female406:276:130,1,1,1
058_PAL_STR_Gaba_Chol,058_PAL-STR_Gaba-Chol,058_PAL-STR_Gaba-Chol,058 PAL-STR Gaba-Chol,all-male2064:847:1217_female1794:1155:639,H3K4me1-male519:114:405_female526:290:236,H3K9me3-male640:191:449_female534:322:212,H3K27ac-male350:210:140_female334:265:69,H3K27me3-male555:332:223_female400:278:122,1,1,1
059_GPe_SI_Sox6_Cyp26b1_Gaba,059_GPe-SI_Sox6_Cyp26b1_Gaba,059_GPe-SI_Sox6_Cyp26b1_Gaba,059 GPe-SI Sox6 Cyp26b1 Gaba,all-male164:71:93_female156:125:31,H3K4me1-male46:8:38_female25:19:6,H3K9me3-male56:21:35_female35:19:16,H3K27ac-male23:17:6_female45:43:2,H3K27me3-male39:25:14_female51:44:7,1,1,1
060_OT_D3_Folh1_Gaba,060_OT_D3_Folh1_Gaba,060_OT_D3_Folh1_Gaba,060 OT D3 Folh1 Gaba,all-male1767:679:1088_female1679:1132:547,H3K4me1-male377:78:299_female380:226:154,H3K9me3-male429:65:364_female561:388:173,H3K27ac-male363:174:189_female159:102:57,H3K27me3-male598:362:236_female579:416:163,1,1,1
061_STR_D1_Gaba,061_STR_D1_Gaba,061_STR_D1_Gaba,061 STR D1 Gaba,all-male98952:37618:61334_female94351:60199:34152,H3K4me1-male24923:4873:20050_female28861:16495:12366,H3K9me3-male25274:3190:22084_female31839:19532:12307,H3K27ac-male18240:10968:7272_female10239:7393:2846,H3K27me3-male30515:18587:11928_female23412:16779:6633,1,1,1
062_STR_D2_Gaba,062_STR_D2_Gaba,062_STR_D2_Gaba,062 STR D2 Gaba,all-male84321:33096:51225_female75280:46968:28312,H3K4me1-male19603:3619:15984_female22843:12737:10106,H3K9me3-male20595:3000:17595_female24909:15030:9879,H3K27ac-male16006:9787:6219_female7876:5692:2184,H3K27me3-male28117:16690:11427_female19652:13509:6143,1,1,1
063_STR_D1_Sema5a_Gaba,063_STR_D1_Sema5a_Gaba,063_STR_D1_Sema5a_Gaba,063 STR D1 Sema5a Gaba,all-male14667:5848:8819_female15042:10183:4859,H3K4me1-male4219:1211:3008_female4373:2463:1910,H3K9me3-male4098:758:3340_female5015:3258:1757,H3K27ac-male2189:1261:928_female1575:1273:302,H3K27me3-male4161:2618:1543_female4079:3189:890,1,1,1
064_STR_PAL_Chst9_Gaba,064_STR-PAL_Chst9_Gaba,064_STR-PAL_Chst9_Gaba,064 STR-PAL Chst9 Gaba,all-male12854:5478:7376_female12709:9253:3456,H3K4me1-male3483:706:2777_female3089:1910:1179,H3K9me3-male4793:1930:2863_female3543:2358:1185,H3K27ac-male1466:983:483_female2760:2550:210,H3K27me3-male3112:1859:1253_female3317:2435:882,1,1,1
065_IA_Mgp_Gaba,065_IA_Mgp_Gaba,065_IA_Mgp_Gaba,065 IA Mgp Gaba,all-male265:100:165_female228:162:66,H3K4me1-male80:5:75_female62:43:19,H3K9me3-male109:49:60_female52:36:16,H3K27ac-male28:20:8_female52:48:4,H3K27me3-male48:26:22_female62:35:27,1,1,1
066_NDB_SI_ant_Prdm12_Gaba,066_NDB-SI-ant_Prdm12_Gaba,066_NDB-SI-ant_Prdm12_Gaba,066 NDB-SI-ant Prdm12 Gaba,all-male746:345:401_female564:361:203,H3K4me1-male242:101:141_female150:79:71,H3K9me3-male225:59:166_female178:100:78,H3K27ac-male107:69:38_female69:61:8,H3K27me3-male172:116:56_female167:121:46,1,1,1
070_LSX_Prdm12_Slit2_Gaba,070_LSX_Prdm12_Slit2_Gaba,070_LSX_Prdm12_Slit2_Gaba,070 LSX Prdm12 Slit2 Gaba,all-male11:4:7_female13:8:5,H3K4me1-male4:1:3_female3:0:3,H3K9me3-male5:1:4_female5:4:1,H3K27ac-male1:1:0_female2:1:1,H3K27me3-male1:1:0_female3:3:0,1,1,1
073_MEA_BST_Sox6_Gaba,073_MEA-BST_Sox6_Gaba,073_MEA-BST_Sox6_Gaba,073 MEA-BST Sox6 Gaba,all-male4668:2045:2623_female3517:2585:932,H3K4me1-male1241:245:996_female854:564:290,H3K9me3-male1924:943:981_female837:543:294,H3K27ac-male505:306:199_female1020:952:68,H3K27me3-male998:551:447_female806:526:280,1,1,1
074_MEA_BST_Lhx6_Sp9_Gaba,074_MEA-BST_Lhx6_Sp9_Gaba,074_MEA-BST_Lhx6_Sp9_Gaba,074 MEA-BST Lhx6 Sp9 Gaba,all-male2677:1185:1492_female2302:1681:621,H3K4me1-male740:171:569_female554:355:199,H3K9me3-male1069:511:558_female570:395:175,H3K27ac-male307:179:128_female681:627:54,H3K27me3-male561:324:237_female497:304:193,1,1,1
075_MEA_BST_Lhx6_Nr2e1_Gaba,075_MEA-BST_Lhx6_Nr2e1_Gaba,075_MEA-BST_Lhx6_Nr2e1_Gaba,075 MEA-BST Lhx6 Nr2e1 Gaba,all-male1172:525:647_female1502:1157:345,H3K4me1-male320:63:257_female367:251:116,H3K9me3-male509:264:245_female349:256:93,H3K27ac-male96:58:38_female464:436:28,H3K27me3-male247:140:107_female322:214:108,1,1,1
076_MEA_BST_Lhx6_Nfib_Gaba,076_MEA-BST_Lhx6_Nfib_Gaba,076_MEA-BST_Lhx6_Nfib_Gaba,076 MEA-BST Lhx6 Nfib Gaba,all-male2113:884:1229_female1604:1192:412,H3K4me1-male616:145:471_female416:282:134,H3K9me3-male790:300:490_female391:253:138,H3K27ac-male267:182:85_female427:389:38,H3K27me3-male440:257:183_female370:268:102,1,1,1
077_CEA_BST_Gal_Avp_Gaba,077_CEA-BST_Gal_Avp_Gaba,077_CEA-BST_Gal_Avp_Gaba,077 CEA-BST Gal Avp Gaba,all-male628:328:300_female399:307:92,H3K4me1-male153:52:101_female74:50:24,H3K9me3-male278:163:115_female91:58:33,H3K27ac-male73:51:22_female151:141:10,H3K27me3-male124:62:62_female83:58:25,0,0,0
078_SI_MA_ACB_Ebf1_Bnc2_Gaba,078_SI-MA-ACB_Ebf1_Bnc2_Gaba,078_SI-MA-ACB_Ebf1_Bnc2_Gaba,078 SI-MA-ACB Ebf1 Bnc2 Gaba,all-male278:118:160_female262:171:91,H3K4me1-male103:39:64_female81:38:43,H3K9me3-male87:16:71_female84:47:37,H3K27ac-male32:19:13_female36:33:3,H3K27me3-male56:44:12_female61:53:8,1,1,1
079_CEA_BST_Six3_Cyp26b1_Gaba,079_CEA-BST_Six3_Cyp26b1_Gaba,079_CEA-BST_Six3_Cyp26b1_Gaba,079 CEA-BST Six3 Cyp26b1 Gaba,all-male4702:2170:2532_female4146:3144:1002,H3K4me1-male1099:195:904_female905:590:315,H3K9me3-male2037:1062:975_female936:642:294,H3K27ac-male477:313:164_female1302:1240:62,H3K27me3-male1089:600:489_female1003:672:331,1,1,1
080_CEA_AAA_BST_Six3_Sp9_Gaba,080_CEA-AAA-BST_Six3_Sp9_Gaba,080_CEA-AAA-BST_Six3_Sp9_Gaba,080 CEA-AAA-BST Six3 Sp9 Gaba,all-male7681:3727:3954_female6288:4832:1456,H3K4me1-male1737:432:1305_female1397:923:474,H3K9me3-male3412:2005:1407_female1412:948:464,H3K27ac-male853:492:361_female2164:2044:120,H3K27me3-male1679:798:881_female1315:917:398,1,1,1
081_ACB_BST_FS_D1_Gaba,081_ACB-BST-FS_D1_Gaba,081_ACB-BST-FS_D1_Gaba,081 ACB-BST-FS D1 Gaba,all-male1233:520:713_female1331:894:437,H3K4me1-male365:117:248_female399:208:191,H3K9me3-male429:127:302_female384:258:126,H3K27ac-male154:89:65_female181:148:33,H3K27me3-male285:187:98_female367:280:87,1,1,1
082_CEA_BST_Ebf1_Pdyn_Gaba,082_CEA-BST_Ebf1_Pdyn_Gaba,082_CEA-BST_Ebf1_Pdyn_Gaba,082 CEA-BST Ebf1 Pdyn Gaba,all-male3634:1556:2078_female3347:2478:869,H3K4me1-male912:157:755_female756:509:247,H3K9me3-male1594:795:799_female797:541:256,H3K27ac-male398:246:152_female1041:957:84,H3K27me3-male730:358:372_female753:471:282,1,1,1
083_CEA_BST_Rai14_Pdyn_Crh_Gaba,083_CEA-BST_Rai14_Pdyn_Crh_Gaba,083_CEA-BST_Rai14_Pdyn_Crh_Gaba,083 CEA-BST Rai14 Pdyn Crh Gaba,all-male225:99:126_female211:153:58,H3K4me1-male60:14:46_female52:36:16,H3K9me3-male99:54:45_female47:30:17,H3K27ac-male20:11:9_female54:49:5,H3K27me3-male46:20:26_female58:38:20,1,1,1
084_BST_SI_AAA_Six3_Slc22a3_Gaba,084_BST-SI-AAA_Six3_Slc22a3_Gaba,084_BST-SI-AAA_Six3_Slc22a3_Gaba,084 BST-SI-AAA Six3 Slc22a3 Gaba,all-male211:86:125_female137:86:51,H3K4me1-male68:24:44_female41:29:12,H3K9me3-male62:14:48_female33:16:17,H3K27ac-male39:24:15_female26:21:5,H3K27me3-male42:24:18_female37:20:17,1,1,1
085_SI_MPO_LPO_Lhx8_Gaba,085_SI-MPO-LPO_Lhx8_Gaba,085_SI-MPO-LPO_Lhx8_Gaba,085 SI-MPO-LPO Lhx8 Gaba,all-male1718:805:913_female1158:756:402,H3K4me1-male543:202:341_female451:306:145,H3K9me3-male472:150:322_female294:145:149,H3K27ac-male283:190:93_female185:144:41,H3K27me3-male420:263:157_female228:161:67,1,1,1
086_MPO_ADP_Lhx8_Gaba,086_MPO-ADP_Lhx8_Gaba,086_MPO-ADP_Lhx8_Gaba,086 MPO-ADP Lhx8 Gaba,all-male2808:1331:1477_female5328:3846:1482,H3K4me1-male924:394:530_female2202:1742:460,H3K9me3-male577:121:456_female1150:653:497,H3K27ac-male557:392:165_female714:543:171,H3K27me3-male750:424:326_female1262:908:354,1,1,1
087_MPN_MPO_LPO_Lhx6_Zfhx3_Gaba,087_MPN-MPO-LPO_Lhx6_Zfhx3_Gaba,087_MPN-MPO-LPO_Lhx6_Zfhx3_Gaba,087 MPN-MPO-LPO Lhx6 Zfhx3 Gaba,all-male1082:524:558_female647:412:235,H3K4me1-male343:156:187_female274:186:88,H3K9me3-male255:55:200_female180:86:94,H3K27ac-male209:141:68_female68:45:23,H3K27me3-male275:172:103_female125:95:30,1,1,1
088_BST_Tac2_Gaba,088_BST_Tac2_Gaba,088_BST_Tac2_Gaba,088 BST Tac2 Gaba,all-male232:92:140_female159:95:64,H3K4me1-male65:21:44_female55:37:18,H3K9me3-male63:6:57_female47:19:28,H3K27ac-male41:26:15_female17:11:6,H3K27me3-male63:39:24_female40:28:12,1,1,1
089_PVR_Six3_Sox3_Gaba,089_PVR_Six3_Sox3_Gaba,089_PVR_Six3_Sox3_Gaba,089 PVR Six3 Sox3 Gaba,all-male794:367:427_female1861:1279:582,H3K4me1-male245:105:140_female749:575:174,H3K9me3-male199:35:164_female444:238:206,H3K27ac-male144:90:54_female246:163:83,H3K27me3-male206:137:69_female422:303:119,1,1,1
090_BST_MPN_Six3_Nrgn_Gaba,090_BST-MPN_Six3_Nrgn_Gaba,090_BST-MPN_Six3_Nrgn_Gaba,090 BST-MPN Six3 Nrgn Gaba,all-male1709:753:956_female1701:1100:601,H3K4me1-male565:201:364_female753:535:218,H3K9me3-male415:86:329_female431:201:230,H3K27ac-male295:197:98_female183:139:44,H3K27me3-male434:269:165_female334:225:109,1,1,1
091_ARH_PVi_Six6_Dopa_Gaba,091_ARH-PVi_Six6_Dopa-Gaba,091_ARH-PVi_Six6_Dopa-Gaba,091 ARH-PVi Six6 Dopa-Gaba,all-male172:75:97_female43:20:23,H3K4me1-male53:19:34_female19:9:10,H3K9me3-male42:2:40_female9:3:6,H3K27ac-male33:24:9_female4:4:0,H3K27me3-male44:30:14_female11:4:7,1,1,1
092_TMv_PMv_Tbx3_Hist_Gaba,092_TMv-PMv_Tbx3_Hist-Gaba,092_TMv-PMv_Tbx3_Hist-Gaba,092 TMv-PMv Tbx3 Hist-Gaba,all-male137:52:85_female120:75:45,H3K4me1-male40:5:35_female51:36:15,H3K9me3-male35:7:28_female24:10:14,H3K27ac-male23:18:5_female13:7:6,H3K27me3-male39:22:17_female32:22:10,0,0,0
093_RT_ZI_Gnb3_Gaba,093_RT-ZI_Gnb3_Gaba,093_RT-ZI_Gnb3_Gaba,093 RT-ZI Gnb3 Gaba,all-male1426:761:665_female966:600:366,H3K4me1-male405:191:214_female289:166:123,H3K9me3-male288:102:186_female213:85:128,H3K27ac-male307:220:87_female188:152:36,H3K27me3-male426:248:178_female276:197:79,1,1,1
094_SCH_Six6_Cdc14a_Gaba,094_SCH_Six6_Cdc14a_Gaba,094_SCH_Six6_Cdc14a_Gaba,094 SCH Six6 Cdc14a Gaba,all-male2388:924:1464_female1864:1217:647,H3K4me1-male754:158:596_female795:566:229,H3K9me3-male634:112:522_female470:231:239,H3K27ac-male387:293:94_female169:107:62,H3K27me3-male613:361:252_female430:313:117,1,1,1
096_PVHd_Gsc_Gaba,096_PVHd_Gsc_Gaba,096_PVHd_Gsc_Gaba,096 PVHd Gsc Gaba,all-male446:212:234_female242:158:84,H3K4me1-male133:51:82_female109:82:27,H3K9me3-male88:18:70_female66:32:34,H3K27ac-male88:62:26_female27:16:11,H3K27me3-male137:81:56_female40:28:12,0,0,0
097_PVHd_SBPV_Six3_Prox1_Gaba,097_PVHd-SBPV_Six3_Prox1_Gaba,097_PVHd-SBPV_Six3_Prox1_Gaba,097 PVHd-SBPV Six3 Prox1 Gaba,all-male1697:742:955_female1710:1142:568,H3K4me1-male546:156:390_female729:532:197,H3K9me3-male390:48:342_female386:184:202,H3K27ac-male317:245:72_female170:120:50,H3K27me3-male444:293:151_female425:306:119,1,1,1
098_AHN_SBPV_PVHd_Pdrm12_Gaba,098_AHN-SBPV-PVHd_Pdrm12_Gaba,098_AHN-SBPV-PVHd_Pdrm12_Gaba,098 AHN-SBPV-PVHd Pdrm12 Gaba,all-male4717:2101:2616_female2797:1768:1029,H3K4me1-male1545:574:971_female1264:875:389,H3K9me3-male1055:174:881_female632:260:372,H3K27ac-male875:582:293_female268:190:78,H3K27me3-male1242:771:471_female633:443:190,1,1,1
099_SBPV_PVa_Six6_Satb2_Gaba,099_SBPV-PVa_Six6_Satb2_Gaba,099_SBPV-PVa_Six6_Satb2_Gaba,099 SBPV-PVa Six6 Satb2 Gaba,all-male1234:525:709_female1827:1132:695,H3K4me1-male432:128:304_female854:581:273,H3K9me3-male289:57:232_female422:183:239,H3K27ac-male193:132:61_female189:116:73,H3K27me3-male320:208:112_female362:252:110,1,1,1
100_AHN_Onecut3_Gaba,100_AHN_Onecut3_Gaba,100_AHN_Onecut3_Gaba,100 AHN Onecut3 Gaba,all-male1485:616:869_female938:575:363,H3K4me1-male472:151:321_female396:274:122,H3K9me3-male340:39:301_female207:83:124,H3K27ac-male257:175:82_female107:74:33,H3K27me3-male416:251:165_female228:144:84,1,1,1
101_ZI_Pax6_Gaba,101_ZI_Pax6_Gaba,101_ZI_Pax6_Gaba,101 ZI Pax6 Gaba,all-male6042:2792:3250_female3227:1918:1309,H3K4me1-male1864:695:1169_female1325:893:432,H3K9me3-male1393:277:1116_female811:328:483,H3K27ac-male1156:783:373_female372:242:130,H3K27me3-male1629:1037:592_female719:455:264,1,1,1
102_DMH_LHA_Gsx1_Gaba,102_DMH-LHA_Gsx1_Gaba,102_DMH-LHA_Gsx1_Gaba,102 DMH-LHA Gsx1 Gaba,all-male1609:704:905_female1276:778:498,H3K4me1-male510:180:330_female549:372:177,H3K9me3-male337:57:280_female326:125:201,H3K27ac-male319:205:114_female147:106:41,H3K27me3-male443:262:181_female254:175:79,1,1,1
103_PVHd_DMH_Lhx6_Gaba,103_PVHd-DMH_Lhx6_Gaba,103_PVHd-DMH_Lhx6_Gaba,103 PVHd-DMH Lhx6 Gaba,all-male1216:572:644_female721:416:305,H3K4me1-male383:154:229_female292:194:98,H3K9me3-male290:60:230_female169:62:107,H3K27ac-male204:143:61_female84:51:33,H3K27me3-male339:215:124_female176:109:67,0,0,0
104_TU_ARH_Otp_Six6_Gaba,104_TU-ARH_Otp_Six6_Gaba,104_TU-ARH_Otp_Six6_Gaba,104 TU-ARH Otp Six6 Gaba,all-male3230:1392:1838_female2634:1583:1051,H3K4me1-male1054:406:648_female1087:716:371,H3K9me3-male763:136:627_female629:252:377,H3K27ac-male587:379:208_female309:209:100,H3K27me3-male826:471:355_female609:406:203,1,1,1
105_TMd_DMH_Foxd2_Gaba,105_TMd-DMH_Foxd2_Gaba,105_TMd-DMH_Foxd2_Gaba,105 TMd-DMH Foxd2 Gaba,all-male29:16:13_female21:13:8,H3K4me1-male11:6:5_female8:4:4,H3K9me3-male4:1:3_female3:1:2,H3K27ac-male8:6:2_female6:5:1,H3K27me3-male6:3:3_female4:3:1,0,0,0
106_PVpo_VMPO_MPN_Hmx2_Gaba,106_PVpo-VMPO-MPN_Hmx2_Gaba,106_PVpo-VMPO-MPN_Hmx2_Gaba,106 PVpo-VMPO-MPN Hmx2 Gaba,all-male4469:2035:2434_female4615:2873:1742,H3K4me1-male1371:513:858_female1946:1344:602,H3K9me3-male1019:158:861_female1112:500:612,H3K27ac-male845:592:253_female563:386:177,H3K27me3-male1234:772:462_female994:643:351,1,1,1
107_DMH_Hmx2_Gaba,107_DMH_Hmx2_Gaba,107_DMH_Hmx2_Gaba,107 DMH Hmx2 Gaba,all-male6370:2420:3950_female3519:2219:1300,H3K4me1-male2058:650:1408_female1400:1006:394,H3K9me3-male1583:249:1334_female814:370:444,H3K27ac-male1016:631:385_female453:294:159,H3K27me3-male1713:890:823_female852:549:303,0,0,0
108_ARH_PVp_Tbx3_Gaba,108_ARH-PVp_Tbx3_Gaba,108_ARH-PVp_Tbx3_Gaba,108 ARH-PVp Tbx3 Gaba,all-male6700:2575:4125_female8580:6606:1974,H3K4me1-male2390:1058:1332_female3664:3116:548,H3K9me3-male1311:370:941_female1601:987:614,H3K27ac-male1280:645:635_female1499:1122:377,H3K27me3-male1719:502:1217_female1816:1381:435,0,0,0
109_LGv_ZI_Otx2_Gaba,109_LGv-ZI_Otx2_Gaba,109_LGv-ZI_Otx2_Gaba,109 LGv-ZI Otx2 Gaba,all-male131:69:62_female90:58:32,H3K4me1-male33:16:17_female24:16:8,H3K9me3-male25:1:24_female23:11:12,H3K27ac-male31:25:6_female11:8:3,H3K27me3-male42:27:15_female32:23:9,1,1,1
112_GPi_Tbr1_Cngb3_Gaba_Glut,112_GPi_Tbr1_Cngb3_Gaba-Glut,112_GPi_Tbr1_Cngb3_Gaba-Glut,112 GPi Tbr1 Cngb3 Gaba-Glut,all-male539:244:295_female297:162:135,H3K4me1-male174:68:106_female119:79:40,H3K9me3-male126:25:101_female72:19:53,H3K27ac-male92:59:33_female32:14:18,H3K27me3-male147:92:55_female74:50:24,1,1,1
113_MEA_COA_BMA_Ccdc42_Glut,113_MEA-COA-BMA_Ccdc42_Glut,113_MEA-COA-BMA_Ccdc42_Glut,113 MEA-COA-BMA Ccdc42 Glut,all-male8744:3710:5034_female7331:5509:1822,H3K4me1-male2208:411:1797_female1710:1089:621,H3K9me3-male3806:1823:1983_female1693:1089:604,H3K27ac-male892:542:350_female2327:2199:128,H3K27me3-male1838:934:904_female1601:1132:469,1,1,1
114_COAa_PAA_MEA_Barhl2_Glut,114_COAa-PAA-MEA_Barhl2_Glut,114_COAa-PAA-MEA_Barhl2_Glut,114 COAa-PAA-MEA Barhl2 Glut,all-male3870:1590:2280_female3676:2697:979,H3K4me1-male1006:164:842_female878:546:332,H3K9me3-male1619:793:826_female784:520:264,H3K27ac-male505:270:235_female1237:1149:88,H3K27me3-male740:363:377_female777:482:295,1,1,1
116_AVPV_MEPO_SFO_Tbr1_Glut,116_AVPV-MEPO-SFO_Tbr1_Glut,116_AVPV-MEPO-SFO_Tbr1_Glut,116 AVPV-MEPO-SFO Tbr1 Glut,all-male1:1:0_female1115:775:340,H3K4me1-male1:1:0_female572:406:166,H3K9me3-male0:0:0_female240:127:113,H3K27ac-male0:0:0_female117:96:21,H3K27me3-male0:0:0_female186:146:40,1,1,1
117_LHA_Barhl2_Glut,117_LHA_Barhl2_Glut,117_LHA_Barhl2_Glut,117 LHA Barhl2 Glut,all-male1988:941:1047_female1219:766:453,H3K4me1-male643:256:387_female467:328:139,H3K9me3-male440:72:368_female307:132:175,H3K27ac-male353:248:105_female160:104:56,H3K27me3-male552:365:187_female285:202:83,1,1,1
118_ADP_MPO_Trp73_Glut,118_ADP-MPO_Trp73_Glut,118_ADP-MPO_Trp73_Glut,118 ADP-MPO Trp73 Glut,all-male628:287:341_female434:258:176,H3K4me1-male198:77:121_female189:114:75,H3K9me3-male163:35:128_female112:54:58,H3K27ac-male102:73:29_female50:33:17,H3K27me3-male165:102:63_female83:57:26,1,1,1
119_SI_MA_LPO_LHA_Skor1_Glut,119_SI-MA-LPO-LHA_Skor1_Glut,119_SI-MA-LPO-LHA_Skor1_Glut,119 SI-MA-LPO-LHA Skor1 Glut,all-male2582:1166:1416_female1950:1389:561,H3K4me1-male661:151:510_female551:375:176,H3K9me3-male983:462:521_female520:299:221,H3K27ac-male357:213:144_female473:434:39,H3K27me3-male581:340:241_female406:281:125,1,1,1
120_MEA_Otp_Foxp2_Glut,120_MEA_Otp_Foxp2_Glut,120_MEA_Otp_Foxp2_Glut,120 MEA Otp Foxp2 Glut,all-male4142:2057:2085_female6466:5097:1369,H3K4me1-male817:163:654_female1556:1160:396,H3K9me3-male1788:1172:616_female1786:1350:436,H3K27ac-male554:288:266_female2051:1934:117,H3K27me3-male983:434:549_female1073:653:420,1,1,1
121_MEA_BST_Otp_Zic2_Glut,121_MEA-BST_Otp_Zic2_Glut,121_MEA-BST_Otp_Zic2_Glut,121 MEA-BST Otp Zic2 Glut,all-male174:73:101_female338:256:82,H3K4me1-male38:7:31_female90:64:26,H3K9me3-male78:33:45_female64:46:18,H3K27ac-male22:12:10_female109:96:13,H3K27me3-male36:21:15_female75:50:25,1,1,1
122_LHA_MEA_Otp_Glut,122_LHA-MEA_Otp_Glut,122_LHA-MEA_Otp_Glut,122 LHA-MEA Otp Glut,all-male550:234:316_female550:411:139,H3K4me1-male143:24:119_female127:98:29,H3K9me3-male244:118:126_female124:77:47,H3K27ac-male61:45:16_female190:172:18,H3K27me3-male102:47:55_female109:64:45,0,0,0
123_DMH_Nkx2_4_Glut,123_DMH_Nkx2-4_Glut,123_DMH_Nkx2-4_Glut,123 DMH Nkx2-4 Glut,all-male647:276:371_female590:380:210,H3K4me1-male195:63:132_female224:169:55,H3K9me3-male180:16:164_female135:54:81,H3K27ac-male109:89:20_female61:41:20,H3K27me3-male163:108:55_female170:116:54,0,0,0
124_MPN_MPO_PVpo_Hmx2_Glut,124_MPN-MPO-PVpo_Hmx2_Glut,124_MPN-MPO-PVpo_Hmx2_Glut,124 MPN-MPO-PVpo Hmx2 Glut,all-male426:190:236_female346:209:137,H3K4me1-male142:48:94_female129:87:42,H3K9me3-male101:16:85_female83:41:42,H3K27ac-male88:64:24_female50:29:21,H3K27me3-male95:62:33_female84:52:32,1,1,1
125_DMH_Hmx2_Glut,125_DMH_Hmx2_Glut,125_DMH_Hmx2_Glut,125 DMH Hmx2 Glut,all-male1001:412:589_female669:405:264,H3K4me1-male299:76:223_female250:170:80,H3K9me3-male259:35:224_female168:71:97,H3K27ac-male171:129:42_female72:50:22,H3K27me3-male272:172:100_female179:114:65,0,0,0
126_ARH_PVp_Tbx3_Glut,126_ARH-PVp_Tbx3_Glut,126_ARH-PVp_Tbx3_Glut,126 ARH-PVp Tbx3 Glut,all-male3799:1830:1969_female2672:1586:1086,H3K4me1-male1288:543:745_female1169:773:396,H3K9me3-male756:183:573_female624:239:385,H3K27ac-male753:492:261_female299:208:91,H3K27me3-male1002:612:390_female580:366:214,1,1,1
127_DMH_LHA_Vgll2_Glut,127_DMH-LHA_Vgll2_Glut,127_DMH-LHA_Vgll2_Glut,127 DMH-LHA Vgll2 Glut,all-male1159:530:629_female1224:788:436,H3K4me1-male345:135:210_female552:395:157,H3K9me3-male289:60:229_female285:125:160,H3K27ac-male215:153:62_female152:104:48,H3K27me3-male310:182:128_female235:164:71,1,1,1
128_VMH_Fezf1_Glut,128_VMH_Fezf1_Glut,128_VMH_Fezf1_Glut,128 VMH Fezf1 Glut,all-male1140:476:664_female805:501:304,H3K4me1-male397:144:253_female338:227:111,H3K9me3-male267:52:215_female198:87:111,H3K27ac-male188:123:65_female86:64:22,H3K27me3-male288:157:131_female183:123:60,1,1,1
129_VMH_Nr5a1_Glut,129_VMH_Nr5a1_Glut,129_VMH_Nr5a1_Glut,129 VMH Nr5a1 Glut,all-male7488:3044:4444_female4800:2955:1845,H3K4me1-male2464:768:1696_female1980:1330:650,H3K9me3-male1763:263:1500_female1135:486:649,H3K27ac-male1354:899:455_female537:359:178,H3K27me3-male1907:1114:793_female1148:780:368,1,1,1
130_LHA_Pmch_Glut,130_LHA_Pmch_Glut,130_LHA_Pmch_Glut,130 LHA Pmch Glut,all-male518:211:307_female396:267:129,H3K4me1-male183:53:130_female179:134:45,H3K9me3-male105:12:93_female107:54:53,H3K27ac-male92:62:30_female40:31:9,H3K27me3-male138:84:54_female70:48:22,1,1,1
131_LHA_AHN_PVH_Otp_Trh_Glut,131_LHA-AHN-PVH_Otp_Trh_Glut,131_LHA-AHN-PVH_Otp_Trh_Glut,131 LHA-AHN-PVH Otp Trh Glut,all-male2267:1012:1255_female1662:1069:593,H3K4me1-male689:263:426_female655:470:185,H3K9me3-male529:80:449_female379:163:216,H3K27ac-male446:302:144_female228:167:61,H3K27me3-male603:367:236_female400:269:131,1,1,1
132_AHN_RCH_LHA_Otp_Fezf1_Glut,132_AHN-RCH-LHA_Otp_Fezf1_Glut,132_AHN-RCH-LHA_Otp_Fezf1_Glut,132 AHN-RCH-LHA Otp Fezf1 Glut,all-male3916:1701:2215_female2355:1444:911,H3K4me1-male1194:389:805_female908:605:303,H3K9me3-male879:134:745_female569:254:315,H3K27ac-male754:501:253_female315:218:97,H3K27me3-male1089:677:412_female563:367:196,1,1,1
133_PVH_SO_PVa_Otp_Glut,133_PVH-SO-PVa_Otp_Glut,133_PVH-SO-PVa_Otp_Glut,133 PVH-SO-PVa Otp Glut,all-male3380:1477:1903_female2191:1350:841,H3K4me1-male1095:389:706_female889:596:293,H3K9me3-male743:116:627_female531:238:293,H3K27ac-male610:400:210_female260:187:73,H3K27me3-male932:572:360_female511:329:182,1,1,1
134_PH_ant_LHA_Otp_Bsx_Glut,134_PH-ant-LHA_Otp_Bsx_Glut,134_PH-ant-LHA_Otp_Bsx_Glut,134 PH-ant-LHA Otp Bsx Glut,all-male1823:788:1035_female1191:719:472,H3K4me1-male579:213:366_female480:320:160,H3K9me3-male432:77:355_female303:121:182,H3K27ac-male337:225:112_female124:87:37,H3K27me3-male475:273:202_female284:191:93,1,1,1
135_STN_PSTN_Pitx2_Glut,135_STN-PSTN_Pitx2_Glut,135_STN-PSTN_Pitx2_Glut,135 STN-PSTN Pitx2 Glut,all-male13871:7791:6080_female10115:6432:3683,H3K4me1-male3291:1595:1696_female2716:1458:1258,H3K9me3-male2966:1556:1410_female2644:1400:1244,H3K27ac-male3436:2137:1299_female2162:1785:377,H3K27me3-male4178:2503:1675_female2593:1789:804,1,1,1
136_PMv_TMv_Pitx2_Glut,136_PMv-TMv_Pitx2_Glut,136_PMv-TMv_Pitx2_Glut,136 PMv-TMv Pitx2 Glut,all-male282:127:155_female255:146:109,H3K4me1-male80:28:52_female95:61:34,H3K9me3-male77:19:58_female59:21:38,H3K27ac-male59:38:21_female40:23:17,H3K27me3-male66:42:24_female61:41:20,1,1,1
137_PH_an_Pitx2_Glut,137_PH-an_Pitx2_Glut,137_PH-an_Pitx2_Glut,137 PH-an Pitx2 Glut,all-male198:81:117_female105:68:37,H3K4me1-male72:18:54_female33:26:7,H3K9me3-male45:7:38_female21:8:13,H3K27ac-male36:29:7_female20:12:8,H3K27me3-male45:27:18_female31:22:9,1,1,1
138_PH_Pitx2_Glut,138_PH_Pitx2_Glut,138_PH_Pitx2_Glut,138 PH Pitx2 Glut,all-male54:22:32_female38:20:18,H3K4me1-male21:7:14_female14:7:7,H3K9me3-male11:1:10_female9:3:6,H3K27ac-male10:8:2_female3:3:0,H3K27me3-male12:6:6_female12:7:5,1,1,1
139_PH_LHA_Foxb1_Glut,139_PH-LHA_Foxb1_Glut,139_PH-LHA_Foxb1_Glut,139 PH-LHA Foxb1 Glut,all-male11745:6496:5249_female5664:3458:2206,H3K4me1-male2851:1456:1395_female1453:651:802,H3K9me3-male2615:1450:1165_female1488:660:828,H3K27ac-male2843:1640:1203_female1324:1089:235,H3K27me3-male3436:1950:1486_female1399:1058:341,1,1,1
140_PMd_LHA_Foxb1_Glut,140_PMd-LHA_Foxb1_Glut,140_PMd-LHA_Foxb1_Glut,140 PMd-LHA Foxb1 Glut,all-male30:13:17_female20:12:8,H3K4me1-male10:1:9_female10:8:2,H3K9me3-male6:1:5_female2:0:2,H3K27ac-male6:5:1_female1:1:0,H3K27me3-male8:6:2_female7:3:4,0,0,0
141_PH_SUM_Foxa1_Glut,141_PH-SUM_Foxa1_Glut,141_PH-SUM_Foxa1_Glut,141 PH-SUM Foxa1 Glut,all-male209:91:118_female226:128:98,H3K4me1-male62:22:40_female75:47:28,H3K9me3-male52:15:37_female39:10:29,H3K27ac-male45:27:18_female35:22:13,H3K27me3-male50:27:23_female77:49:28,1,1,1
142_HY_Gnrh1_Glut,142_HY_Gnrh1_Glut,142_HY_Gnrh1_Glut,142 HY Gnrh1 Glut,all-male27206:13950:13256_female17402:10357:7045,H3K4me1-male8703:4223:4480_female8713:5805:2908,H3K9me3-male5124:1486:3638_female4269:1759:2510,H3K27ac-male5796:3794:2002_female1494:959:535,H3K27me3-male7583:4447:3136_female2926:1834:1092,1,1,1
143_MM_ant_Foxb1_Glut,143_MM-ant_Foxb1_Glut,143_MM-ant_Foxb1_Glut,143 MM-ant Foxb1 Glut,all-male12:4:8_female10:7:3,H3K4me1-male4:1:3_female5:2:3,H3K9me3-male4:0:4_female0:0:0,H3K27ac-male1:1:0_female3:3:0,H3K27me3-male3:2:1_female2:2:0,0,0,0
149_PVT_PT_Ntrk1_Glut,149_PVT-PT_Ntrk1_Glut,149_PVT-PT_Ntrk1_Glut,149 PVT-PT Ntrk1 Glut,all-male274:128:146_female179:102:77,H3K4me1-male90:39:51_female82:49:33,H3K9me3-male47:4:43_female47:18:29,H3K27ac-male57:35:22_female21:16:5,H3K27me3-male80:50:30_female29:19:10,1,1,1
151_TH_Prkcd_Grin2c_Glut,151_TH_Prkcd_Grin2c_Glut,151_TH_Prkcd_Grin2c_Glut,151 TH Prkcd Grin2c Glut,all-male562:239:323_female339:204:135,H3K4me1-male197:69:128_female150:103:47,H3K9me3-male132:32:100_female76:33:43,H3K27ac-male102:63:39_female40:26:14,H3K27me3-male131:75:56_female73:42:31,1,1,1
152_RE_Xi_Nox4_Glut,152_RE-Xi_Nox4_Glut,152_RE-Xi_Nox4_Glut,152 RE-Xi Nox4 Glut,all-male2780:1272:1508_female1809:1156:653,H3K4me1-male858:305:553_female779:524:255,H3K9me3-male591:106:485_female426:194:232,H3K27ac-male574:387:187_female215:158:57,H3K27me3-male757:474:283_female389:280:109,1,1,1
156_MB_ant_ve_Dmrta2_Glut,156_MB-ant-ve_Dmrta2_Glut,156_MB-ant-ve_Dmrta2_Glut,156 MB-ant-ve Dmrta2 Glut,all-male11474:6737:4737_female6486:4743:1743,H3K4me1-male2623:1623:1000_female1799:1220:579,H3K9me3-male2596:1594:1002_female1866:1366:500,H3K27ac-male2778:1545:1233_female1339:1109:230,H3K27me3-male3477:1975:1502_female1482:1048:434,1,1,1
159_IF_RL_CLI_PAG_Foxa1_Glut,159_IF-RL-CLI-PAG_Foxa1_Glut,159_IF-RL-CLI-PAG_Foxa1_Glut,159 IF-RL-CLI-PAG Foxa1 Glut,all-male7615:4037:3578_female3937:2283:1654,H3K4me1-male1851:921:930_female936:346:590,H3K9me3-male1755:929:826_female919:354:565,H3K27ac-male1838:1055:783_female1078:869:209,H3K27me3-male2171:1132:1039_female1004:714:290,1,1,1
166_MRN_Pou3f1_C1ql4_Glut,166_MRN_Pou3f1_C1ql4_Glut,166_MRN_Pou3f1_C1ql4_Glut,166 MRN Pou3f1 C1ql4 Glut,all-male977:498:479_female363:185:178,H3K4me1-male260:117:143_female112:26:86,H3K9me3-male241:119:122_female88:27:61,H3K27ac-male233:135:98_female77:65:12,H3K27me3-male243:127:116_female86:67:19,1,1,1
168_SPA_SPFm_SPFp_POL_PIL_PoT_Sp9_Glut,168_SPA-SPFm-SPFp-POL-PIL-PoT_Sp9_Glut,168_SPA-SPFm-SPFp-POL-PIL-PoT_Sp9_Glut,168 SPA-SPFm-SPFp-POL-PIL-PoT Sp9 Glut,all-male421:230:191_female151:88:63,H3K4me1-male103:53:50_female55:33:22,H3K9me3-male101:56:45_female43:15:28,H3K27ac-male102:55:47_female23:19:4,H3K27me3-male115:66:49_female30:21:9,1,1,1
180_SCiw_Pitx2_Glut,180_SCiw_Pitx2_Glut,180_SCiw_Pitx2_Glut,180 SCiw Pitx2 Glut,all-male9706:5870:3836_female4247:2675:1572,H3K4me1-male2267:1439:828_female1013:411:602,H3K9me3-male2323:1469:854_female985:466:519,H3K27ac-male2252:1317:935_female1074:928:146,H3K27me3-male2864:1645:1219_female1175:870:305,1,1,1
191_PAG_MRN_Rln3_Gaba,191_PAG-MRN_Rln3_Gaba,191_PAG-MRN_Rln3_Gaba,191 PAG-MRN Rln3 Gaba,all-male66:29:37_female43:25:18,H3K4me1-male15:3:12_female11:3:8,H3K9me3-male17:8:9_female16:8:8,H3K27ac-male12:7:5_female10:10:0,H3K27me3-male22:11:11_female6:4:2,0,0,0
195_SNr_VTA_Pax5_Npas1_Gaba,195_SNr-VTA_Pax5_Npas1_Gaba,195_SNr-VTA_Pax5_Npas1_Gaba,195 SNr-VTA Pax5 Npas1 Gaba,all-male8044:4009:4035_female5268:3418:1850,H3K4me1-male2433:1192:1241_female1448:783:665,H3K9me3-male2128:1117:1011_female1496:827:669,H3K27ac-male1595:814:781_female1102:933:169,H3K27me3-male1888:886:1002_female1222:875:347,1,1,1
196_PAG_PPN_Pax5_Sox21_Gaba,196_PAG-PPN_Pax5_Sox21_Gaba,196_PAG-PPN_Pax5_Sox21_Gaba,196 PAG-PPN Pax5 Sox21 Gaba,all-male1182:551:631_female596:325:271,H3K4me1-male324:151:173_female140:58:82,H3K9me3-male270:142:128_female156:46:110,H3K27ac-male269:124:145_female156:121:35,H3K27me3-male319:134:185_female144:100:44,1,1,1
197_SNr_Six3_Gaba,197_SNr_Six3_Gaba,197_SNr_Six3_Gaba,197 SNr Six3 Gaba,all-male6701:3388:3313_female3916:2597:1319,H3K4me1-male1956:952:1004_female1092:560:532,H3K9me3-male1807:898:909_female1064:564:500,H3K27ac-male1329:736:593_female838:751:87,H3K27me3-male1609:802:807_female922:722:200,1,1,1
199_PAG_MRN_RN_Foxa2_Gaba,199_PAG-MRN-RN_Foxa2_Gaba,199_PAG-MRN-RN_Foxa2_Gaba,199 PAG-MRN-RN Foxa2 Gaba,all-male2992:1462:1530_female2145:1521:624,H3K4me1-male738:388:350_female680:471:209,H3K9me3-male670:353:317_female671:485:186,H3K27ac-male836:324:512_female461:346:115,H3K27me3-male748:397:351_female333:219:114,1,1,1
200_PAG_ND_PCG_Onecut1_Gaba,200_PAG-ND-PCG_Onecut1_Gaba,200_PAG-ND-PCG_Onecut1_Gaba,200 PAG-ND-PCG Onecut1 Gaba,all-male3712:2182:1530_female1665:1163:502,H3K4me1-male879:471:408_female485:321:164,H3K9me3-male786:452:334_female535:356:179,H3K27ac-male904:552:352_female257:215:42,H3K27me3-male1143:707:436_female388:271:117,1,1,1
202_PRT_Tcf7l2_Gaba,202_PRT_Tcf7l2_Gaba,202_PRT_Tcf7l2_Gaba,202 PRT Tcf7l2 Gaba,all-male5815:3160:2655_female3031:2130:901,H3K4me1-male1489:723:766_female1091:799:292,H3K9me3-male1257:660:597_female749:445:304,H3K27ac-male1375:809:566_female576:467:109,H3K27me3-male1694:968:726_female615:419:196,1,1,1
203_LGv_SPFp_SPFm_Nkx2_2_Tcf7l2_Gaba,203_LGv-SPFp-SPFm_Nkx2-2_Tcf7l2_Gaba,203_LGv-SPFp-SPFm_Nkx2-2_Tcf7l2_Gaba,203 LGv-SPFp-SPFm Nkx2-2 Tcf7l2 Gaba,all-male963:459:504_female472:280:192,H3K4me1-male261:109:152_female143:71:72,H3K9me3-male244:91:153_female127:44:83,H3K27ac-male203:116:87_female84:73:11,H3K27me3-male255:143:112_female118:92:26,1,1,1
213_SCsg_Gabrr2_Gaba,213_SCsg_Gabrr2_Gaba,213_SCsg_Gabrr2_Gaba,213 SCsg Gabrr2 Gaba,all-male257:109:148_female108:64:44,H3K4me1-male78:24:54_female35:16:19,H3K9me3-male54:26:28_female27:13:14,H3K27ac-male44:26:18_female15:13:2,H3K27me3-male81:33:48_female31:22:9,1,1,1
214_IPN_Otp_Crisp1_Gaba,214_IPN_Otp_Crisp1_Gaba,214_IPN_Otp_Crisp1_Gaba,214 IPN Otp Crisp1 Gaba,all-male3945:1663:2282_female2673:1891:782,H3K4me1-male1352:543:809_female719:457:262,H3K9me3-male1166:542:624_female761:449:312,H3K27ac-male625:274:351_female518:449:69,H3K27me3-male802:304:498_female675:536:139,1,1,1
215_SNc_VTA_RAmb_Foxa1_Dopa,215_SNc-VTA-RAmb_Foxa1_Dopa,215_SNc-VTA-RAmb_Foxa1_Dopa,215 SNc-VTA-RAmb Foxa1 Dopa,all-male11157:5694:5463_female6100:3975:2125,H3K4me1-male3114:1412:1702_female1743:920:823,H3K9me3-male2897:1495:1402_female1745:875:870,H3K27ac-male2419:1318:1101_female1255:1091:164,H3K27me3-male2727:1469:1258_female1357:1089:268,1,1,1
216_MB_MY_Tph2_Glut_Sero,216_MB-MY_Tph2_Glut-Sero,216_MB-MY_Tph2_Glut-Sero,216 MB-MY Tph2 Glut-Sero,all-male1140:604:536_female671:437:234,H3K4me1-male312:179:133_female212:121:91,H3K9me3-male319:181:138_female221:132:89,H3K27ac-male235:115:120_female114:94:20,H3K27me3-male274:129:145_female124:90:34,1,1,1
231_IPN_LDT_Vsx2_Nkx6_1_Glut,231_IPN-LDT_Vsx2_Nkx6-1_Glut,231_IPN-LDT_Vsx2_Nkx6-1_Glut,231 IPN-LDT Vsx2 Nkx6-1 Glut,all-male363:189:174_female203:129:74,H3K4me1-male108:45:63_female48:31:17,H3K9me3-male103:61:42_female65:31:34,H3K27ac-male76:43:33_female42:35:7,H3K27me3-male76:40:36_female48:32:16,1,1,1
268_CS_PRNr_DR_En1_Sox2_Gaba,268_CS-PRNr-DR_En1_Sox2_Gaba,268_CS-PRNr-DR_En1_Sox2_Gaba,268 CS-PRNr-DR En1 Sox2 Gaba,all-male479:272:207_female181:111:70,H3K4me1-male125:70:55_female58:30:28,H3K9me3-male114:57:57_female62:30:32,H3K27ac-male123:73:50_female24:21:3,H3K27me3-male117:72:45_female37:30:7,1,1,1
318_Astro_NT_NN,318_Astro-NT_NN,318_Astro-NT_NN,318 Astro-NT NN,all-male54266:21191:33075_female38239:22981:15258,H3K4me1-male17869:4867:13002_female11993:7859:4134,H3K9me3-male14072:3682:10390_female11388:5831:5557,H3K27ac-male8890:5321:3569_female5103:3318:1785,H3K27me3-male13435:7321:6114_female9755:5973:3782,1,1,1
319_Astro_TE_NN,319_Astro-TE_NN,319_Astro-TE_NN,319 Astro-TE NN,all-male127995:52636:75359_female115359:76621:38738,H3K4me1-male30188:8771:21417_female31334:19217:12117,H3K9me3-male29508:8222:21286_female32520:19849:12671,H3K27ac-male26555:13942:12613_female16851:12599:4252,H3K27me3-male41744:21701:20043_female34654:24956:9698,1,1,1
322_Tanycyte_NN,322_Tanycyte_NN,322_Tanycyte_NN,322 Tanycyte NN,all-male2131:777:1354_female1796:1245:551,H3K4me1-male650:165:485_female494:349:145,H3K9me3-male490:90:400_female343:144:199,H3K27ac-male387:221:166_female323:247:76,H3K27me3-male604:301:303_female636:505:131,1,1,1
323_Ependymal_NN,323_Ependymal_NN,323_Ependymal_NN,323 Ependymal NN,all-male17969:6931:11038_female17115:10335:6780,H3K4me1-male4656:2011:2645_female5246:3097:2149,H3K9me3-male3473:927:2546_female4495:2237:2258,H3K27ac-male4839:1891:2948_female3608:2512:1096,H3K27me3-male5001:2102:2899_female3766:2489:1277,1,1,1
325_CHOR_NN,325_CHOR_NN,325_CHOR_NN,325 CHOR NN,all-male12586:3553:9033_female11027:6485:4542,H3K4me1-male2672:1350:1322_female3874:2029:1845,H3K9me3-male2314:1039:1275_female3662:1922:1740,H3K27ac-male3669:527:3142_female1604:1164:440,H3K27me3-male3931:637:3294_female1887:1370:517,1,1,1
326_OPC_NN,326_OPC_NN,326_OPC_NN,326 OPC NN,all-male48802:20904:27898_female40298:28974:11324,H3K4me1-male12494:3937:8557_female11030:7455:3575,H3K9me3-male12753:4122:8631_female11620:7464:4156,H3K27ac-male8989:5148:3841_female5577:4606:971,H3K27me3-male14566:7697:6869_female12071:9449:2622,1,1,1
327_Oligo_NN,327_Oligo_NN,327_Oligo_NN,327 Oligo NN,all-male112901:40064:72837_female94626:54709:39917,H3K4me1-male34330:7049:27281_female24926:15243:9683,H3K9me3-male29431:6241:23190_female28946:16477:12469,H3K27ac-male17334:10731:6603_female11606:6177:5429,H3K27me3-male31806:16043:15763_female29148:16812:12336,1,1,1
329_ABC_NN,329_ABC_NN,329_ABC_NN,329 ABC NN,all-male4428:1864:2564_female4549:2695:1854,H3K4me1-male1274:380:894_female1083:574:509,H3K9me3-male1294:510:784_female787:348:439,H3K27ac-male623:366:257_female973:646:327,H3K27me3-male1237:608:629_female1706:1127:579,1,1,1
330_VLMC_NN,330_VLMC_NN,330_VLMC_NN,330 VLMC NN,all-male17616:6873:10743_female13534:6960:6574,H3K4me1-male4927:1618:3309_female2649:1377:1272,H3K9me3-male4523:1842:2681_female2451:1003:1448,H3K27ac-male3249:1343:1906_female3232:1844:1388,H3K27me3-male4917:2070:2847_female5202:2736:2466,1,1,1
331_Peri_NN,331_Peri_NN,331_Peri_NN,331 Peri NN,all-male1191:172:1019_female1363:723:640,H3K4me1-male575:43:532_female262:169:93,H3K9me3-male239:32:207_female162:88:74,H3K27ac-male120:34:86_female331:178:153,H3K27me3-male257:63:194_female608:288:320,1,1,1
332_SMC_NN,332_SMC_NN,332_SMC_NN,332 SMC NN,all-male222:56:166_female175:82:93,H3K4me1-male89:14:75_female54:26:28,H3K9me3-male46:16:30_female32:8:24,H3K27ac-male25:8:17_female30:18:12,H3K27me3-male62:18:44_female59:30:29,1,1,1
333_Endo_NN,333_Endo_NN,333_Endo_NN,333 Endo NN,all-male9737:3386:6351_female10017:7045:2972,H3K4me1-male2868:784:2084_female2407:1654:753,H3K9me3-male2372:738:1634_female1753:1112:641,H3K27ac-male1937:832:1105_female2489:1957:532,H3K27me3-male2560:1032:1528_female3368:2322:1046,1,1,1
334_Microglia_NN,334_Microglia_NN,334_Microglia_NN,334 Microglia NN,all-male12249:2825:9424_female12726:8633:4093,H3K4me1-male4689:357:4332_female2417:1883:534,H3K9me3-male3874:374:3500_female3243:2325:918,H3K27ac-male924:543:381_female1213:790:423,H3K27me3-male2762:1551:1211_female5853:3635:2218,1,1,1
335_BAM_NN,335_BAM_NN,335_BAM_NN,335 BAM NN,all-male1438:660:778_female981:655:326,H3K4me1-male406:41:365_female218:141:77,H3K9me3-male329:39:290_female167:95:72,H3K27ac-male75:51:24_female136:115:21,H3K27me3-male628:529:99_female460:304:156,1,1,1