,Gene,RTS,Priority
1,HOXD8,1,Y
2,EN2,0.859609446,Y
3,PAX2,0.855418877,Y
4,CNPY1,0.840887486,Y
5,MIR9-3HG,0.71398318,Y
6,TLX1NB,0.684786894,Y
7,ZIC4,0.67364961,Y
8,LMX1B,0.623159186,Y
9,HOXB13,0.614745286,Y
10,GATA4,0.604236231,Y
11,LINC01749,0.599434509,Y
12,HOXC10,0.575531337,Y
13,HOXB-AS3,0.56129201,Y
14,PAX5,0.528142383,Y
15,PAX7,0.525830475,Y
16,ONECUT3,0.498143368,Y
17,UNCX,0.487042768,Y
18,ZIC5,0.484687667,Y
19,SCRG1,0.480115925,Y
20,PDX1,0.478584106,Y
21,RBFOX3,0.473108905,Y
22,EN1,0.468961996,Y
23,GSX1,0.464408697,Y
24,CDH22,0.462962338,Y
25,LHX2,0.461481819,Y
26,FENDRR,0.453109474,Y
27,HMX1,0.443204158,Y
28,LBX1,0.437203728,Y
29,PAX6,0.433329008,Y
30,LINC00461,0.427356383,Y
31,SIM2,0.425540517,Y
32,NKX2-6,0.425129955,Y
33,SIX3,0.42360775,Y
34,DLX6,0.416105499,Y
35,HOXC-AS3,0.415743234,Y
36,DKFZp686K1684,0.415009016,Y
37,HOXA7,0.412022116,Y
38,SFTA3,0.407906514,Y
39,ALX4,0.407318952,Y
40,HOXB6,0.394693023,Y
41,EMX1,0.394681924,Y
42,TFAP2A,0.394321096,Y
43,NR2E1,0.390804829,Y
44,C1orf61,0.386070931,Y
45,TBX5,0.38593981,Y
46,MNX1,0.385872234,Y
47,C5orf66,0.382015797,Y
48,NTNG2,0.379976345,Y
49,DLX4,0.378567117,Y
50,SRCIN1,0.376283445,Y
51,SLC32A1,0.371849255,Y
52,CDX2,0.369479544,Y
53,CFAP65,0.3668506,Y
54,POM121L2,0.359534772,Y
55,MSX1,0.357413177,Y
56,BARHL2,0.356762441,Y
57,TBX15,0.354313582,Y
58,LINC00261,0.353902571,Y
59,MIR3663HG,0.349364521,Y
60,VAX1,0.348677036,Y
61,NKX2-5,0.347539337,Y
62,ONECUT1,0.347445217,Y
63,SOX2-OT,0.345072008,Y
64,PRSS16,0.34133307,Y
65,NKX2-2,0.339666816,Y
66,PRDM13,0.333858322,Y
67,PITX2,0.331299788,Y
68,LINC01097,0.328279692,Y
69,CCDC140,0.322581386,Y
70,OTP,0.316555306,Y
71,NEUROG1,0.314329312,Y
72,LINC01574,0.312328798,Y
73,RSPO1,0.311705444,Y
74,TFAP2B,0.308532412,Y
75,GATA3,0.308517697,Y
76,NKX6-1,0.307511137,Y
77,LINC01398,0.305951331,Y
78,EPHA8,0.304248151,Y
79,FOXF2,0.303866484,Y
80,PTF1A,0.303781218,Y
81,BCAN,0.303617643,Y
82,SIM1,0.303521119,Y
83,OLIG3,0.303168061,Y
84,GATA2,0.302723707,Y
85,OTX2,0.297297832,Y
86,PAX9,0.297117158,Y
87,OLIG2,0.295503819,Y
88,TMEM132E,0.293455213,Y
89,FAAHP1,0.29309056,Y
90,DLX1,0.29235109,Y
91,TLX3,0.29222682,Y
92,LHX5,0.29190841,Y
93,NEUROD2,0.291053345,Y
94,LINC00403,0.290878704,Y
95,KCNQ2,0.290194437,Y
96,DLX2,0.289194824,Y
97,HAND1,0.289148649,Y
98,LINC01551,0.288047233,Y
99,METAP1D,0.287798939,Y
100,BARX1,0.286684347,Y
101,CRTAC1,0.282410907,Y
102,COL2A1,0.280745903,Y
103,EMX2OS,0.280635622,Y
104,POU3F3,0.280497993,Y
105,SKOR2,0.280040153,Y
106,LINC00682,0.279207764,Y
107,SOX17,0.278665308,Y
108,POU3F2,0.278613834,Y
109,GDF6,0.277916641,Y
110,CISTR,0.277691421,Y
111,CDKN2A,0.277656927,Y
112,RNF220,0.276756714,Y
113,FOXD1,0.276573177,Y
114,NKX2-3,0.276006207,Y
115,FOXA1,0.274680849,Y
116,HMX3,0.274451262,Y
117,SIX2,0.27435773,Y
118,WNT1,0.273904776,Y
119,TTLL6,0.272494887,Y
120,VAX2,0.270573933,Y
121,TBX3,0.267715181,Y
122,RAX,0.266517006,Y
123,ROBO3,0.262858561,Y
124,FEZF2,0.259020433,Y
125,FOXB1,0.258899737,Y
126,FLJ12825,0.256423714,Y
127,FOXC1,0.256239727,Y
128,GRM4,0.25534014,Y
129,LINC01386,0.255013009,Y
130,WT1,0.2547247,Y
131,NKX2-8,0.2540346,Y
132,TBX1,0.254032413,Y
133,MIR3185,0.252972314,Y
134,HPCAL4,0.252836333,Y
135,PRAC1,0.252061006,Y
136,PRAC2,0.252061006,Y
137,LINC01389,0.251080749,Y
138,EBF2,0.249946041,Y
139,SP8,0.249316637,Y
140,POU4F2,0.244535151,Y
141,SHH,0.243649481,Y
142,RNF219-AS1,0.243377238,Y
143,LINC01159,0.243058176,Y
144,SOX2,0.2422807,Y
145,NEUROG3,0.241821549,Y
146,GPR1-AS,0.238822558,Y
147,EBF3,0.238210347,Y
148,BTNL9,0.238091667,Y
149,IRX4,0.23717919,Y
150,LOC102723471,0.235351967,Y
151,GBX2,0.235139464,Y
152,TTC6,0.23462944,Y
153,SLC6A17,0.234364982,Y
154,MSX2,0.233900066,Y
155,GALNT9,0.233879379,Y
156,SHTN1,0.233001367,Y
157,PRDM16,0.228358792,Y
158,MIR3663,0.226384602,Y
159,SIX1,0.224267115,Y
160,DLX3,0.223429252,Y
161,HAPLN2,0.222849025,Y
162,NPTX1,0.222576076,Y
163,SYT2,0.222065785,Y
164,SHANK1,0.222047681,Y
165,LOC101928177,0.221744837,Y
166,SLC12A5,0.219550649,Y
167,NRN1,0.218749436,Y
168,SCN4B,0.217675019,Y
169,ARX,0.217558563,Y
170,LINC01158,0.216296442,Y
171,CHAT,0.214443693,Y
172,DMRT1,0.214076056,Y
173,NEUROG2,0.213501418,Y
174,LHX6,0.212597188,Y
175,CELF4,0.211796544,Y
176,HAND2,0.21140616,Y
177,ONECUT2,0.210789818,Y
178,MIR6720,0.209815738,Y
179,GATA5,0.207947318,Y
180,PHOX2B,0.206523279,Y
181,DMRT3,0.205809407,Y
182,SSTR5-AS1,0.205269967,Y
183,MIR670HG,0.204307033,Y
184,ULBP1,0.203850805,Y
185,LINC00599,0.203808835,Y
186,MIR124-1,0.203511738,Y
187,SLC9A3,0.20319266,Y
188,MIR196A2,0.202804568,Y
189,LMX1A,0.202184146,Y
190,DRGX,0.201348979,Y
191,LOC100505585,0.201123203,Y
192,EVX1,0.20001084,Y
193,CBX8,0.199771142,Y
194,CACNG2,0.199458584,Y
195,EMX2,0.199072817,Y
196,LHX9,0.198814007,Y
197,IRX2,0.198027356,Y
198,LHX4,0.196556193,Y
199,SFRP1,0.196119026,Y
200,TBX4,0.195878233,Y
201,PAX1,0.195662976,Y
202,BLACE,0.195524818,Y
203,CFAP77,0.1955004,Y
204,WNT10A,0.194589872,Y
205,BCL11B,0.194371339,Y
206,LHX3,0.193574665,Y
207,EOMES,0.192714981,Y
208,IRX1,0.192115559,Y
209,FOXE1,0.191520226,Y
210,ISL1,0.191100119,Y
211,VSX2,0.19053382,Y
212,ALOX12B,0.190394424,Y
213,OTX1,0.190393918,Y
214,BARX2,0.189930467,Y
215,CASZ1,0.189302792,Y
216,LOC101927207,0.188392127,Y
217,C1QL2,0.186559276,Y
218,VSX1,0.184401372,Y
219,ASCL1,0.183970948,Y
220,MKNK1-AS1,0.182217549,Y
221,LOC100287944,0.180746906,Y
222,HOXC9,0.179526201,Y
223,RFX4,0.178835567,Y
224,DMRTA2,0.177859547,Y
225,C1QA,0.177401263,Y
226,NR2F2,0.177340288,Y
227,NTN1,0.177270951,Y
228,IGSF21,0.17694008,Y
229,SNCB,0.176935656,Y
230,MCIDAS,0.1763733,Y
231,CRMP1,0.175050617,Y
232,FOXL2NB,0.17454904,Y
233,POU4F3,0.174470082,Y
234,MYOD1,0.173905875,Y
235,MIR6127,0.173558587,Y
236,SSTR5,0.173170255,Y
237,MIR1469,0.172368198,Y
238,TCTE1,0.170566798,Y
239,SLC26A10,0.169559886,Y
240,LINC01726,0.168689091,Y
241,TBX20,0.168451813,Y
242,LINC01397,0.168335959,Y
243,NGFR,0.16796104,Y
244,LINC00917,0.166780886,Y
245,LOC400043,0.165820657,Y
246,BHLHE23,0.165702378,Y
247,CRYBA2,0.165689063,Y
248,VENTX,0.165162828,Y
249,FOXL1,0.16348758,Y
250,LINC00945,0.163467842,Y
251,SATB2,0.163071148,Y
252,LINC01230,0.163064253,Y
253,IGF2BP1,0.1624693,Y
254,TCHH,0.161715711,Y
255,PRDM6,0.161319264,Y
256,DDN,0.161225389,Y
257,DSCAML1,0.160442562,Y
258,FOXD2,0.160023517,Y
259,UNC5A,0.15962596,Y
260,LINC01141,0.159586245,Y
261,GSX2,0.158773254,Y
262,OLIG1,0.158336147,Y
263,OSR2,0.157418155,Y
264,CNTFR,0.157216156,Y
265,NKX1-1,0.156789362,Y
266,HCN4,0.156711761,Y
267,NR5A1,0.156698502,Y
268,SCRT2,0.156565066,Y
269,FEZF1,0.155060725,Y
270,TBX18,0.154663779,Y
271,PTPRN2,0.154450625,Y
272,LOC146513,0.153525497,Y
273,NAV2,0.152317856,Y
274,NTRK1,0.151943823,Y
275,WNT10B,0.151667551,Y
276,FOXD3,0.15143481,Y
277,GNAS-AS1,0.151206932,Y
278,LINC01475,0.151013986,Y
279,TBX2,0.15044345,Y
280,HOXC-AS2,0.150284505,Y
281,WNT3A,0.149969406,Y
282,PPP2R2C,0.149473046,Y
283,COMP,0.149359711,Y
284,GNAS,0.149170938,Y
285,MIR129-2,0.148628975,Y
286,FOXL2,0.14800736,Y
287,GBX1,0.147799522,Y
288,NFIX,0.147445868,Y
289,TWIST1,0.146723096,Y
290,MAFB,0.146154243,Y
291,PDE2A,0.145906942,Y
292,MROH5,0.144683806,Y
293,GATA6,0.144589787,Y
294,HOTAIR,0.143850508,Y
295,INHBB,0.143683721,Y
296,NR5A2,0.143565724,Y
297,C1orf94,0.143548113,Y
298,TFAP2D,0.14308983,Y
299,FOXC2,0.142723091,Y
300,SLC8A2,0.142426911,Y
301,CTD-2194D22.4,0.142050013,Y
302,ASIC4,0.141454079,Y
303,SLC6A5,0.141291002,Y
304,LOC105375800,0.138496628,Y
305,KCNC1,0.137550137,Y
306,ANK1,0.137296846,Y
307,DUOXA1,0.134875115,Y
308,SIX6,0.134308557,Y
309,HOXB5,0.134307882,Y
310,LOC101927248,0.134139155,Y
311,RIPK4,0.133082574,Y
312,ARHGAP36,0.131788467,Y
313,LPO,0.131517827,Y
314,BLK,0.130966918,Y
315,LINC01210,0.129974131,Y
316,IRX5,0.129626203,Y
317,IRX6,0.129402821,Y
318,MPPED1,0.128922689,Y
319,CPLX1,0.128732036,Y
320,PRDM8,0.128649032,Y
321,ELFN2,0.12859838,Y
322,SYT7,0.128064956,Y
323,INS-IGF2,0.127907562,Y
324,HELT,0.127277348,Y
325,NR2F1,0.125768882,Y
326,NAT16,0.125356029,Y
327,C17orf102,0.123190682,Y
328,HOXC11,0.122927939,Y
329,GJA3,0.122648634,Y
330,TAL1,0.122534593,Y
331,CPLX4,0.120876971,Y
332,SHOX2,0.119988332,Y
333,IRF4,0.119543032,Y
334,CYP26C1,0.119443092,Y
335,FOXB2,0.119384223,Y
336,DMRT2,0.118997407,Y
337,HOXC-AS1,0.118792306,Y
338,SLC6A12,0.118151616,Y
339,PHACTR3,0.117515089,Y
340,MIR1-1HG,0.116822388,Y
341,XKR6,0.116816563,Y
342,LOC105378853,0.116466645,Y
343,MIR124-3,0.116081949,Y
344,FAM172A,0.115950021,Y
345,SKOR1,0.115655595,Y
346,LHX8,0.115352025,Y
347,EPHA10,0.11504238,Y
348,BMP7,0.114480553,Y
349,LOC100130417,0.11446648,Y
350,GFY,0.114393826,Y
351,LOC100507283,0.114188127,Y
352,MT1B,0.11376869,Y
353,CRNDE,0.113712834,Y
354,IHH,0.113414163,Y
355,RAET1K,0.113401922,Y
356,DBX1,0.11323414,Y
357,C5orf38,0.113221215,Y
358,LOC101928416,0.113143705,Y
359,FBXL16,0.113062364,Y
360,IGF2,0.112894476,Y
361,DIGIT,0.112030272,Y
362,VSTM2L,0.111972797,Y
363,DMTN,0.111446663,Y
364,CDC20B,0.111071666,Y
365,LOC101927437,0.110571081,Y
366,MEIS2,0.110024507,Y
367,POU2F3,0.109970563,Y
368,OSR1,0.10949973,Y
369,MIR449C,0.109162088,Y
370,MIR3131,0.108917346,Y
371,GRIK3,0.108242315,Y
372,IGF2-AS,0.106697882,Y
373,SEZ6,0.105930513,Y
374,OLFM1,0.105571309,Y
375,INSRR,0.104061141,Y
376,MIR449B,0.103712689,Y
377,MIR449A,0.103511481,Y
378,LOC101928107,0.102956771,Y
379,FOXG1,0.10288629,Y
380,SYT5,0.102335561,Y
381,BCL11A,0.102245632,Y
382,TBX21,0.101286224,Y
383,MT1DP,0.101000094,Y
384,KNCN,0.100857457,Y
385,GSC,0.100681287,Y
386,SLC18A3,0.100121965,Y
387,NRG2,0.099983824,Y
388,CA4,0.099435186,Y
389,HLX,0.0993079,Y
390,GABBR2,0.099217581,Y
391,LINGO1,0.098274412,Y
392,LOC105372695,0.098032088,Y
393,LOC101927318,0.097956493,Y
394,GRIK4,0.096668989,Y
395,JPH3,0.096550393,Y
396,LOC100288866,0.096530641,Y
397,MEGF11,0.096159225,Y
398,SLC6A3,0.096134179,Y
399,SLIT1,0.095658855,Y
400,LOC105370424,0.094605868,Y
401,TBR1,0.093634384,Y
402,CUX2,0.093248448,Y
403,GFI1B,0.092835145,Y
404,VSTM2B,0.091839791,Y
405,ECEL1,0.091403956,Y
406,LINC01305,0.091348026,Y
407,DNAJC22,0.091005159,Y
408,TOB2P1,0.090396442,Y
409,LOC727993,0.090334119,Y
410,DMBX1,0.090104165,Y
411,PPIE,0.089880418,Y
412,CYP26A1,0.089731081,Y
413,BARHL1,0.088966108,Y
414,CRLF1,0.088819674,Y
415,LOC101929034,0.088509812,Y
416,C1QTNF8,0.08802088,Y
417,OTOP3,0.087947175,Y
418,LOC105373021,0.087497679,Y
419,MIR2277,0.087015409,Y
420,DNAJB8-AS1,0.086832218,Y
421,ADGRA1,0.086629016,Y
422,LINC01081,0.086551754,Y
423,SALL3,0.086381119,Y
424,LOC100130587,0.086334232,Y
425,DBH,0.085932738,Y
426,BLACAT1,0.085829499,Y
427,ZDHHC22,0.085751238,Y
428,ITPKA,0.085448737,Y
429,LOC101927583,0.084571599,Y
430,FLJ32255,0.084422287,Y
431,FAM43B,0.083681578,Y
432,FLI1,0.083659599,Y
433,RASGRF1,0.08243659,Y
434,CCDC33,0.082142061,Y
435,CDK5R2,0.082141323,Y
436,VSIG2,0.081884539,Y
437,C1QL4,0.08134824,Y
438,FZD10-AS1,0.081238042,Y
439,SLFN12L,0.081161837,Y
440,DNAAF3,0.081017582,Y
441,BCOR,0.080788303,Y
442,LINC01511,0.080569527,Y
443,PLXNA4,0.080250226,Y
444,HOXC4,0.08021007,Y
445,NKX3-1,0.079931979,Y
446,NRXN2,0.079668871,Y
447,HOXC12,0.079594623,Y
448,SYPL2,0.078953031,Y
449,ZNF503-AS2,0.078461197,Y
450,HSF4,0.078193391,Y
451,PDGFB,0.078154645,Y
452,HOXC13,0.078118866,Y
453,LOC284395,0.0779843,Y
454,SSTR4,0.077971732,Y
455,SPR,0.077700771,Y
456,C2orf70,0.077530725,Y
457,SLC17A7,0.076728005,Y
458,PHF21B,0.076612026,Y
459,EGR4,0.075943125,Y
460,HOXC5,0.075853535,Y
461,ACAN,0.075557315,Y
462,LOC101929154,0.075548054,Y
463,HOXC6,0.075333947,Y
464,FBXL21,0.075174049,Y
465,CACNA1C,0.075138913,Y
466,HOXC8,0.074852547,Y
467,THBD,0.074730545,Y
468,GABRD,0.074606845,Y
469,SEMA5B,0.07446525,Y
470,SMUG1,0.074319867,Y
471,KCNT1,0.074261528,Y
472,CALY,0.074154887,Y
473,BMP4,0.0739907,Y
474,TNNI3,0.073512737,Y
475,PDYN,0.073493972,Y
476,LINC01314,0.073414062,Y
477,MEIS1,0.073267608,Y
478,EBF4,0.072567574,Y
479,KCND3,0.072307624,Y
480,CYP26B1,0.071805635,Y
481,MMP9,0.071743418,Y
482,ZBTB7C,0.071677401,Y
483,MIR6165,0.071151273,Y
484,DNAJB8,0.071071821,Y
485,KCNH2,0.070924986,Y
486,DOK7,0.070781723,Y
487,WNT6,0.070620024,Y
488,AQP5,0.07019438,Y
489,TCF21,0.070030049,Y
490,MIR96,0.069657863,Y
491,PTPRH,0.069332956,Y
492,MIR615,0.069176385,Y
493,LRRC4B,0.06892409,Y
494,LINC01117,0.068920726,Y
495,SALL1,0.068856616,Y
496,KIF1A,0.068707566,Y
497,LINC01276,0.06866794,Y
498,EXOC6,0.068466029,Y
499,MIR183,0.068162969,Y
500,HMX2,0.068022615,Y
501,BUB3,0.067930037,Y
502,KCNJ10,0.067037261,Y
503,ADRA2C,0.067027249,Y
504,TMC2,0.066894931,Y
505,NAT8L,0.066418298,Y
506,PRKAG1,0.066397116,Y
507,HOXA10-HOXA9,0.066299979,Y
508,SP9,0.066168539,Y
509,MSX2P1,0.065957479,Y
510,LOC100128770,0.065232013,Y
511,BICDL2,0.065129832,Y
512,ZIC2,0.065077838,Y
513,ZSCAN9,0.064986967,Y
514,RAET1L,0.064876047,Y
515,CABP7,0.064654731,Y
516,LINC00208,0.064504502,Y
517,EPS8L1,0.064330307,Y
518,NSG1,0.063022824,Y
519,CDH4,0.062726255,Y
520,PAX3,0.062234445,Y
521,MT1G,0.06202454,Y
522,ARHGAP19-SLIT1,0.061806308,Y
523,NEUROD1,0.061722008,Y
524,HOXA10,0.061670236,Y
525,MMP25,0.061586803,Y
526,KCNA1,0.06130851,Y
527,MT1H,0.061303442,Y
528,IGSF9B,0.060993605,Y
529,HNF1B,0.060955147,Y
530,KCNA2,0.060866844,Y
531,KCNJ4,0.060719399,Y
532,CD300E,0.060621223,Y
533,SEPT5-GP1BB,0.06030127,Y
534,ADORA1,0.060271397,Y
535,CD40,0.059965447,Y
536,LINC00554,0.059550035,Y
537,PVALB,0.05885327,Y
538,MT1A,0.058794356,Y
539,DLK1,0.058430463,Y
540,RTBDN,0.058226491,Y
541,LOC648987,0.058171753,Y
542,RGMA,0.057849334,Y
543,SYN2,0.057656435,Y
544,ESX1,0.056661898,Y
545,BSX,0.056150921,Y
546,C4orf48,0.05591559,Y
547,OR1F1,0.05590761,Y
548,ESPNP,0.055866633,Y
549,SLC6A1,0.055558272,Y
550,NTSR1,0.055235663,Y
551,WNT7B,0.055172556,Y
552,LOC101927740,0.055055697,Y
553,KCNIP1,0.054983285,Y
554,CACNA1I,0.054846675,Y
555,BHLHE22,0.054745667,Y
556,LINC01391,0.054734734,Y
557,RHCG,0.054713748,Y
558,KLF14,0.054255372,Y
559,RGS20,0.054160856,Y
560,TLX1,0.053808584,Y
561,LOC100130238,0.053719709,Y
562,MIR182,0.053643011,Y
563,NEFL,0.05295651,Y
564,ATP6V1B1,0.052884071,Y
565,CHD5,0.05260946,Y
566,KCNJ5,0.052432989,Y
567,MT1F,0.052396104,Y
568,MIR670,0.052228545,Y
569,FGF3,0.052197013,Y
570,EGFLAM,0.052097558,Y
571,KIRREL3,0.051510448,Y
572,TROAP,0.051422059,Y
573,HOXA11,0.051411225,Y
574,NT5C1A,0.05132496,Y
575,PCK1,0.051065339,Y
576,OTOP2,0.050727625,Y
577,FGF8,0.050563655,Y
578,LMO2,0.050554254,Y
579,CBLN1,0.05045376,Y
580,KIF19,0.050248823,Y
581,MT1IP,0.050240959,Y
582,ISLR2,0.050027622,Y
583,LINC01056,0.049898622,Y
584,PEBP4,0.049723944,Y
585,WNT3,0.049554855,Y
586,PRDM14,0.049379711,Y
587,LRCOL1,0.049309185,Y
588,LOC101928509,0.049200613,Y
589,MIR9-3,0.049162271,Y
590,EBF1,0.049020632,Y
591,CELF5,0.048688907,Y
592,PDE1B,0.04866612,Y
593,MIR1268A,0.048559936,Y
594,KCNK13,0.048530765,Y
595,CACNA1C-IT2,0.048009827,Y
596,PCDHGA2,0.047867077,Y
597,ANO1,0.047858768,Y
598,BRINP2,0.047723788,Y
599,MT1JP,0.047559797,Y
600,GRIN2C,0.047512215,Y
601,PCDHGA1,0.04744382,Y
602,KCNQ1,0.047130817,Y
603,PCDHGA3,0.047090171,Y
604,TBKBP1,0.04695654,Y
605,VPREB1,0.046908145,Y
606,TP73,0.046859199,Y
607,PCDHGB1,0.046523105,Y
608,IRF8,0.045936835,Y
609,PHF24,0.045761941,Y
610,RBBP8NL,0.045655536,Y
611,FADS6,0.045618385,Y
612,C5orf66-AS1,0.045592743,Y
613,SEPT5,0.045576215,Y
614,LOC101928766,0.045401699,Y
615,LOC399886,0.045397533,Y
616,CACNA2D4,0.045192067,Y
617,ADAMTSL2,0.045177932,Y
618,LINC00029,0.045146327,Y
619,LOC101926913,0.044903357,Y
620,DPYSL5,0.044824402,Y
621,PCDHGA4,0.044646516,Y
622,PKNOX2,0.044575264,Y
623,PSD2,0.044564789,Y
624,PCDHGB2,0.04452074,Y
625,ADGRB1,0.044331166,Y
626,GAD2,0.044141992,Y
627,PCDHGA5,0.043986648,Y
628,IGF2BP3,0.043756782,Y
629,MIR9-1,0.043648893,Y
630,CCM2L,0.043533718,Y
631,MT1M,0.043515479,Y
632,ADCYAP1,0.043503897,Y
633,FZD10,0.043231209,Y
634,HOXB7,0.042902868,Y
635,KLK2,0.042862538,Y
636,FGF19,0.042600927,Y
637,SOX7,0.042514779,Y
638,CBX2,0.042451292,Y
639,TRIM67,0.042447965,Y
640,C1QL1,0.042401565,Y
641,FRMPD1,0.042385839,Y
642,BMI1,0.042325373,Y
643,COMMD3-BMI1,0.042325373,Y
644,GRIN1,0.04231835,Y
645,CNTFR-AS1,0.042291659,Y
646,EEF1A2,0.042284271,Y
647,ATOH1,0.042206807,Y
648,PCDHGB3,0.042204368,Y
649,PCDHGA6,0.042012915,Y
650,LOC101929538,0.041565173,Y
651,EGR3,0.041529354,Y
652,TRIM63,0.041335769,Y
653,MEIS3,0.041184163,Y
654,VGLL2,0.041121617,Y
655,PCDHGA7,0.040264907,Y
656,SKAP1,0.04018036,Y
657,LRFN2,0.040005533,Y
658,PCDH8,0.039975741,Y
659,LINC00982,0.039461361,Y
660,LIN28B,0.039106519,Y
661,KCNB1,0.039096141,Y
662,SOX14,0.039002343,Y
663,LINC01096,0.038783208,Y
664,NKX3-2,0.038783208,Y
665,PRDM12,0.038751634,Y
666,OVOL1,0.03833814,Y
667,CCDC177,0.038300247,Y
668,PRMT8,0.038154618,Y
669,ZNF503,0.038073631,Y
670,RXRG,0.037509385,Y
671,GRID1,0.037452568,Y
672,OR4D2,0.03738688,Y
673,KCNK3,0.037303538,Y
674,H19,0.037282961,Y
675,RIPK3,0.037185981,Y
676,LOC100190940,0.037067349,Y
677,C14orf180,0.036904085,Y
678,MIR4418,0.036620029,Y
679,OR4D1,0.036304985,Y
680,GP1BB,0.036190843,Y
681,C15orf59,0.036000625,Y
682,LINC01116,0.035830597,Y
683,ZIC3,0.03560282,Y
684,SORCS2,0.035476405,Y
685,PRSS56,0.035399984,Y
686,GRP,0.035046183,Y
687,ATOH8,0.035044228,Y
688,CYP24A1,0.034884281,Y
689,FIBCD1,0.034412369,Y
690,CACNG4,0.034257635,Y
691,PCAT19,0.034126684,Y
692,ESRRB,0.034076669,Y
693,LOC105372441,0.033968771,Y
694,LRTM2,0.033395069,Y
695,CACNA1E,0.033289761,Y
696,LEF1,0.033209011,Y
697,HOXB8,0.033141757,Y
698,ULBP2,0.033087371,Y
699,SYNDIG1L,0.032887912,Y
700,MIR124-2HG,0.032773107,Y
701,NR4A2,0.032556123,Y
702,CXCL14,0.032492087,Y
703,CAMK2N1,0.032402988,Y
704,SOX18,0.032150039,Y
705,SP5,0.032012078,Y
706,MECOM,0.031945257,Y
707,NXPH1,0.03185322,Y
708,SCUBE1,0.031850376,Y
709,DPYSL2,0.031642956,Y
710,TMEM179,0.031406353,Y
711,ALX3,0.031344155,Y
712,TTLL10,0.030982317,Y
713,LINC01396,0.030965039,Y
714,ANO1-AS2,0.030913437,Y
715,SOWAHA,0.030855695,Y
716,LOC101928738,0.030832312,Y
717,XKR7,0.030756374,Y
718,SPAG6,0.030744322,Y
719,OR2V1,0.030599769,Y
720,PRRX1,0.030453348,Y
721,HOXB1,0.030443813,Y
722,CD6,0.03039455,Y
723,CCDC155,0.030228076,Y
724,CBX4,0.030176689,Y
725,SHROOM1,0.030088705,Y
726,RAB37,0.029986587,Y
727,LOC283731,0.029940343,Y
728,GIMAP1-GIMAP5,0.02969215,Y
729,LOC440390,0.029455783,Y
730,NFIB,0.029306666,Y
731,ARHGAP40,0.029192584,Y
732,CDKN2C,0.029136217,Y
733,SOX3,0.029043964,Y
734,KLK15,0.029006794,Y
735,ABLIM2,0.028994958,Y
736,BEGAIN,0.028993322,Y
737,ACOXL,0.028912654,Y
738,RASGEF1A,0.028610776,Y
739,ADRA1B,0.028604046,Y
740,HEY2,0.028564108,Y
741,BHLHE41,0.028515579,Y
742,KRT76,0.02844723,Y
743,SNORA99,0.028180451,Y
744,CPEB1,0.028166657,Y
745,C1QC,0.028000778,Y
746,WNT7A,0.027586378,Y
747,FOXO6,0.027575166,Y
748,HOXA1,0.027575023,Y
749,PKP1,0.027306129,Y
750,VWA5B1,0.027235323,Y
751,FAM163B,0.027214601,Y
752,NTF3,0.027146121,Y
753,NFASC,0.027017851,Y
754,SCARA5,0.026939909,Y
755,CFAP74,0.026629454,Y
756,ZFHX4,0.02652259,Y
757,LOC101929384,0.026498942,Y
758,PRAMENP,0.026484655,Y
759,NOVA2,0.026439536,Y
760,LINC00489,0.026332691,Y
761,LOC101929234,0.026299765,Y
762,SLC17A9,0.026272441,Y
763,LINC00176,0.026227083,Y
764,FOXN4,0.02605772,Y
765,TRIM36,0.025997648,Y
766,SOX21,0.025996946,Y
767,PTH2,0.025629185,Y
768,PCDHGB4,0.025422783,Y
769,PTH1R,0.02540038,Y
770,FOXI3,0.025382252,Y
771,GAD1,0.025295253,Y
772,ZFHX3,0.025203736,Y
773,COL27A1,0.025108155,Y
774,ACTR5,0.025000094,Y
775,SLC30A3,0.024963377,Y
776,PCDHGA8,0.024887237,Y
777,ZBTB16,0.024804687,Y
778,MRGPRG-AS1,0.024601942,Y
779,QSOX2,0.024539573,Y
780,ERG,0.024451362,Y
781,CLDN9,0.024379162,Y
782,LOC100132215,0.024203736,Y
783,SHISA7,0.024150916,Y
784,PITX3,0.024150068,Y
785,LINC01494,0.024033444,Y
786,MYO5B,0.024015669,Y
787,FRMD4A,0.02399062,Y
788,LOC400706,0.023985692,Y
789,PLCH2,0.023957235,Y
790,C10orf11,0.023779595,Y
791,LOC101929229,0.023736407,Y
792,KRT1,0.023700165,Y
793,C15orf59-AS1,0.023669328,Y
794,ANKRD34C,0.023592856,Y
795,LOC102724050,0.023589759,Y
796,LOC100133461,0.023587166,Y
797,CYS1,0.023575814,Y
798,CHRND,0.023422774,Y
799,SLFN13,0.023361876,Y
800,PCDHGB5,0.023302683,Y
801,NKD2,0.023137927,Y
802,LY6H,0.023071276,Y
803,FGF13,0.023007563,Y
804,LINC01168,0.022906648,Y
805,C20orf166-AS1,0.02287353,Y
806,PCDH1,0.022759237,Y
807,NTRK3-AS1,0.022754185,Y
808,LINC00463,0.022744815,Y
809,MIR1-1,0.022744117,Y
810,ANKRD34C-AS1,0.022533202,Y
811,LINC00927,0.022495342,Y
812,KRT77,0.022491289,Y
813,LINC01143,0.0223791,Y
814,TCF15,0.022299336,Y
815,MYT1,0.022276972,Y
816,LINC01053,0.022258456,Y
817,MRGPRE,0.022177597,Y
818,HOXD9,0.022022741,Y
819,GLP1R,0.022013288,Y
820,LOC105369971,0.02201121,Y
821,ADCY5,0.022009496,Y
822,TNFSF8,0.021957291,Y
823,GIMAP5,0.021954342,Y
824,LOC101929748,0.02186886,Y
825,LOC100507384,0.021847579,Y
826,MRGPRG,0.021610468,Y
827,DISP3,0.021604182,Y
828,TARID,0.02149668,Y
829,SLC6A11,0.021495983,Y
830,MIR4456,0.021493523,Y
831,MYT1L,0.021388123,Y
832,CHST8,0.021321206,Y
833,LOC401463,0.021196264,Y
834,L1CAM,0.021091238,Y
835,CIB4,0.021057476,Y
836,PCDHGA9,0.021045558,Y
837,NFIC,0.02099485,Y
838,TCEA2,0.020991717,Y
839,IL9,0.020966619,Y
840,SCD5,0.020952756,Y
841,MFSD4A,0.020907944,Y
842,HES4,0.020852053,Y
843,PRR25,0.020754341,Y
844,IQSEC3,0.020734841,Y
845,TENM4,0.020598988,Y
846,LINC01124,0.020575598,Y
847,ANKRD19P,0.020517967,Y
848,MIR133A2,0.020422957,Y
849,CNTN2,0.020421306,Y
850,LINC00479,0.020234314,Y
851,MIR135B,0.020190979,Y
852,CACNG8,0.020149284,Y
853,PAX8,0.020086429,Y
854,LOC100129175,0.019957085,Y
855,GRIP2,0.019835928,Y
856,HCK,0.019823248,Y
857,LOC100506688,0.019811617,Y
858,AUTS2,0.01976812,Y
859,LINC01082,0.019747336,Y
860,ATP2B2,0.019742268,Y
861,TSPEAR,0.019571201,Y
862,KCNK9,0.019471104,Y
863,PCDHGB6,0.019469898,Y
864,IFITM10,0.019296838,Y
865,CADPS,0.01928457,Y
866,GRAP2,0.019219716,Y
867,EHBP1,0.019101918,Y
868,PSMG3-AS1,0.019083777,Y
869,GPRIN2,0.019006723,Y
870,HOXB3,0.01895114,Y
871,SLC1A2,0.018916744,Y
872,KCNQ1-AS1,0.01870645,Y
873,TNNT2,0.018686389,Y
874,ESPN,0.018634571,Y
875,LINC00620,0.018561699,Y
876,PLCB2,0.018523109,Y
877,EPHB3,0.018517572,Y
878,C19orf81,0.018387004,Y
879,CITED1,0.018267235,Y
880,LHX1,0.018240194,Y
881,LINC01548,0.018231647,Y
882,NPHS1,0.018125645,Y
883,ASIC2,0.018070893,Y
884,IRX3,0.017924429,Y
885,KRT74,0.017895561,Y
886,CEACAM21,0.017872833,Y
887,GJB6,0.017838766,Y
888,LAMP5-AS1,0.017821866,Y
889,TMPRSS6,0.017776916,Y
890,TRIM29,0.017622013,Y
891,PEAR1,0.017509224,Y
892,TMEM174,0.017491939,Y
893,LOC101929696,0.017488632,Y
894,KIRREL2,0.017470847,Y
895,MIR675,0.017436568,Y
896,FIGNL2,0.017430235,Y
897,CLIC6,0.017387619,Y
898,SLC38A8,0.017370967,Y
899,MCF2L,0.017331258,Y
900,SORCS3,0.017209031,Y
901,SLC30A2,0.017160027,Y
902,HOXD3,0.017083182,Y
903,SCN2B,0.017036249,Y
904,CPEB1-AS1,0.016954583,Y
905,SEZ6L,0.016891781,Y
906,BAHCC1,0.016832874,Y
907,PCDH19,0.016817833,Y
908,C1QB,0.016804843,Y
909,CPXM1,0.016775753,Y
910,HOXD12,0.016670802,Y
911,AK8,0.01664571,Y
912,CLYBL,0.016629057,Y
913,LOC101928174,0.016560032,Y
914,CACNA1S,0.01648308,Y
915,KCNA4,0.016396008,Y
916,SV2B,0.016392916,Y
917,CDH23,0.016392842,Y
918,LOC90246,0.016340701,Y
919,UNC13A,0.016283397,Y
920,C14orf39,0.016280655,Y
921,ITGA9,0.016241787,Y
922,CACNA1G,0.016218509,Y
923,ENTPD1-AS1,0.01617573,Y
924,DTX1,0.016010836,Y
925,SLC18A2,0.015949139,Y
926,LINC00466,0.015912789,Y
927,CACNA1H,0.015909942,Y
928,SCN5A,0.015858184,Y
929,DSP,0.015846133,Y
930,RIMS4,0.015835688,Y
931,CPLX2,0.015779648,Y
932,SMARCD3,0.015762161,Y
933,PLAGL1,0.01568191,Y
934,ZMYND15,0.015676731,Y
935,MAST1,0.015654964,Y
936,CACNA2D2,0.015642011,Y
937,LINC00112,0.01561563,Y
938,ALDH1A2,0.015566184,Y
939,HOTS,0.015419524,Y
940,KLK3,0.015380702,Y
941,HES2,0.015346013,Y
942,C20orf85,0.01513755,Y
943,ANKRD60,0.015052344,Y
944,NEURL1,0.01502113,Y
945,TFAP2C,0.014974913,Y
946,ILDR2,0.014941008,Y
947,RPF1,0.014816315,Y
948,IL20RA,0.014792001,Y
949,PPP1R1B,0.014747212,Y
950,GDF7,0.014715957,Y
951,RAP1GAP,0.014688849,Y
952,LOC101929613,0.014681949,Y
953,SERTAD4,0.014655162,Y
954,NHSL2,0.014642842,Y
955,GJD2,0.014620547,Y
956,TUNAR,0.014617228,Y
957,DRD2,0.014610719,Y
958,GRM8,0.014542257,Y
959,GPX5,0.014399548,Y
960,LOC100130370,0.014361419,Y
961,LAMC3,0.014299455,Y
962,WSCD1,0.014285319,Y
963,ACTRT2,0.014284059,Y
964,HOXD13,0.014258848,Y
965,PTCH1,0.014223601,Y
966,TTBK1,0.014197328,Y
967,EML1,0.014183336,Y
968,RAI2,0.014074896,Y
969,LOC400794,0.014061248,Y
970,TBC1D21,0.013968885,Y
971,LOC389332,0.013935466,Y
972,MN1,0.013913897,Y
973,ARHGAP29,0.013883321,Y
974,PDE4A,0.013877105,Y
975,LOC101929237,0.013806791,Y
976,CAMTA1,0.0137891,Y
977,PAMR1,0.013765244,Y
978,SFRP2,0.013751205,Y
979,HOXD-AS2,0.013672096,Y
980,MTHFSD,0.013640213,Y
981,ISL2,0.013580068,Y
982,FOXE3,0.013566307,Y
983,SCUBE3,0.013563192,Y
984,LL22NC03-63E9.3,0.013537054,Y
985,LOC145845,0.013443576,Y
986,LOC102724301,0.013305288,Y
987,FGD5,0.01329729,Y
988,THCAT155,0.013276627,Y
989,LOC152274,0.013193437,Y
990,IQSEC2,0.013183811,Y
991,ALDH1A3,0.012994503,Y
992,ASCL2,0.012933676,Y
993,ALK,0.012913326,Y
